,Name,x,points
0,,0.0,0.0
1,,0.2,0.16666666666666666
2,,0.4,0.3333333333333333
3,,0.6,0.5
4,,0.8,0.6666666666666666
5,,1.0,1.0
6,,0.0,0.0
7,,0.2,0.07342657342657342
8,,0.4,0.14685314685314685
9,,0.6,0.2202797202797203
10,,0.8,0.3041958041958042
11,,1.0,1.0
12,,0.0,0.0
13,,0.2,0.03621730382293763
14,,0.4,0.07243460764587525
15,,0.6,0.10865191146881288
16,,0.8,0.1529175050301811
17,,1.0,1.0
18,,0.0,0.0
19,,0.2,0.07216494845360824
20,,0.4,0.14432989690721648
21,,0.6,0.21649484536082475
22,,0.8,0.28865979381443296
23,,1.0,1.0
24,,0.0,0.0
25,,0.2,0.2
26,,0.4,0.4
27,,0.6,0.6
28,,0.8,0.8
29,,1.0,1.0
30,,0.0,0.0
31,,0.2,0.08421052631578947
32,,0.4,0.16842105263157894
33,,0.6,0.25263157894736843
34,,0.8,0.3684210526315789
35,,1.0,1.0
36,,0.0,0.0
37,,0.2,0.06315789473684211
38,,0.4,0.12631578947368421
39,,0.6,0.18947368421052632
40,,0.8,0.2631578947368421
41,,1.0,1.0
42,,0.0,0.0
43,,0.2,0.19047619047619047
44,,0.4,0.38095238095238093
45,,0.6,0.5714285714285714
46,,0.8,0.7619047619047619
47,,1.0,1.0
48,,0.0,0.0
49,,0.2,0.06201550387596899
50,,0.4,0.12403100775193798
51,,0.6,0.18604651162790697
52,,0.8,0.24806201550387597
53,,1.0,1.0
54,,0.0,0.0
55,,0.2,0.14678899082568808
56,,0.4,0.29357798165137616
57,,0.6,0.44036697247706424
58,,0.8,0.5871559633027523
59,,1.0,1.0
60,,0.0,0.0
61,,0.2,0.02414486921529175
62,,0.4,0.0482897384305835
63,,0.6,0.07243460764587525
64,,0.8,0.11468812877263582
65,,1.0,1.0
66,,0.0,0.0
67,,0.2,0.04157043879907621
68,,0.4,0.08314087759815242
69,,0.6,0.12471131639722864
70,,0.8,0.19861431870669746
71,,1.0,1.0
72,,0.0,0.0
73,,0.2,0.07738095238095238
74,,0.4,0.15476190476190477
75,,0.6,0.23214285714285715
76,,0.8,0.30952380952380953
77,,1.0,1.0
78,,0.0,0.0
79,,0.2,0.0635593220338983
80,,0.4,0.1271186440677966
81,,0.6,0.1906779661016949
82,,0.8,0.2542372881355932
83,,1.0,1.0
84,,0.0,0.0
85,,0.2,0.030201342281879196
86,,0.4,0.06040268456375839
87,,0.6,0.09060402684563758
88,,0.8,0.12080536912751678
89,,1.0,1.0
90,,0.0,0.0
91,,0.2,0.10204081632653061
92,,0.4,0.20408163265306123
93,,0.6,0.30612244897959184
94,,0.8,0.40816326530612246
95,,1.0,1.0
96,,0.0,0.0
97,,0.2,0.09691629955947137
98,,0.4,0.19383259911894274
99,,0.6,0.2907488986784141
100,,0.8,0.4581497797356828
101,,1.0,1.0
102,,0.0,0.0
103,,0.2,0.10091743119266056
104,,0.4,0.2018348623853211
105,,0.6,0.30275229357798167
106,,0.8,0.44036697247706424
107,,1.0,1.0
108,,0.0,0.0
109,,0.2,0.06040268456375839
110,,0.4,0.12080536912751678
111,,0.6,0.18120805369127516
112,,0.8,0.2483221476510067
113,,1.0,1.0
114,,0.0,0.0
115,,0.2,0.07468879668049792
116,,0.4,0.14937759336099585
117,,0.6,0.22406639004149378
118,,0.8,0.3153526970954357
119,,1.0,1.0
120,,0.0,0.0
121,,0.2,0.03162055335968379
122,,0.4,0.06324110671936758
123,,0.6,0.09486166007905138
124,,0.8,0.1383399209486166
125,,1.0,1.0
126,,0.0,0.0
127,,0.2,0.2
128,,0.4,0.4
129,,0.6,0.6
130,,0.8,0.8
131,,1.0,1.0
132,,0.0,0.0
133,,0.2,0.12371134020618557
134,,0.4,0.24742268041237114
135,,0.6,0.3711340206185567
136,,0.8,0.4948453608247423
137,,1.0,1.0
138,,0.0,0.0
139,,0.2,0.16666666666666666
140,,0.4,0.3333333333333333
141,,0.6,0.5
142,,0.8,0.6666666666666666
143,,1.0,1.0
144,,0.0,0.0
145,,0.2,0.061224489795918366
146,,0.4,0.12244897959183673
147,,0.6,0.1836734693877551
148,,0.8,0.24489795918367346
149,,1.0,1.0
150,,0.0,0.0
151,,0.2,0.030120481927710843
152,,0.4,0.060240963855421686
153,,0.6,0.09036144578313253
154,,0.8,0.12048192771084337
155,,1.0,1.0
156,,0.0,0.0
157,,0.2,0.005479452054794521
158,,0.4,0.010958904109589041
159,,0.6,0.01643835616438356
160,,0.8,0.021917808219178082
161,,1.0,1.0
162,,0.0,0.0
163,,0.2,0.022044088176352707
164,,0.4,0.04408817635270541
165,,0.6,0.06613226452905811
166,,0.8,0.08817635270541083
167,,1.0,1.0
168,,0.0,0.0
169,,0.2,0.08411214953271028
170,,0.4,0.16822429906542055
171,,0.6,0.2523364485981308
172,,0.8,0.3644859813084112
173,,1.0,1.0
174,,0.0,0.0
175,,0.2,0.09
176,,0.4,0.18
177,,0.6,0.27
178,,0.8,0.37
179,,1.0,1.0
180,,0.0,0.0
181,,0.2,0.2
182,,0.4,0.4
183,,0.6,0.6
184,,0.8,0.8
185,,1.0,1.0
186,,0.0,0.0
187,,0.2,0.08
188,,0.4,0.16
189,,0.6,0.24
190,,0.8,0.32
191,,1.0,1.0
192,,0.0,0.0
193,,0.2,0.1111111111111111
194,,0.4,0.2222222222222222
195,,0.6,0.3333333333333333
196,,0.8,0.46296296296296297
197,,1.0,1.0
198,,0.0,0.0
199,,0.2,0.16494845360824742
200,,0.4,0.32989690721649484
201,,0.6,0.4948453608247423
202,,0.8,0.6597938144329897
203,,1.0,1.0
204,,0.0,0.0
205,,0.2,0.11836734693877551
206,,0.4,0.23673469387755103
207,,0.6,0.3551020408163265
208,,0.8,0.47346938775510206
209,,1.0,1.0
210,,0.0,0.0
211,,0.2,0.02
212,,0.4,0.04
213,,0.6,0.06
214,,0.8,0.08
215,,1.0,1.0
216,,0.0,0.0
217,,0.2,0.10416666666666667
218,,0.4,0.20833333333333334
219,,0.6,0.3125
220,,0.8,0.4479166666666667
221,,1.0,1.0
222,,0.0,0.0
223,,0.2,0.012
224,,0.4,0.024
225,,0.6,0.036
226,,0.8,0.05
227,,1.0,1.0
228,,0.0,0.0
229,,0.2,0.12837837837837837
230,,0.4,0.25675675675675674
231,,0.6,0.38513513513513514
232,,0.8,0.5405405405405406
233,,1.0,1.0
234,,0.0,0.0
235,,0.2,0.10434782608695652
236,,0.4,0.20869565217391303
237,,0.6,0.3130434782608696
238,,0.8,0.45217391304347826
239,,1.0,1.0
240,,0.0,0.0
241,,0.2,0.08080808080808081
242,,0.4,0.16161616161616163
243,,0.6,0.24242424242424243
244,,0.8,0.37373737373737376
245,,1.0,1.0
246,,0.0,0.0
247,,0.2,0.021148036253776436
248,,0.4,0.04229607250755287
249,,0.6,0.0634441087613293
250,,0.8,0.09063444108761329
251,,1.0,1.0
252,,0.0,0.0
253,,0.2,0.08
254,,0.4,0.16
255,,0.6,0.24
256,,0.8,0.37
257,,1.0,1.0
258,,0.0,0.0
259,,0.2,0.061855670103092786
260,,0.4,0.12371134020618557
261,,0.6,0.18556701030927836
262,,0.8,0.24742268041237114
263,,1.0,1.0
264,,0.0,0.0
265,,0.2,0.12244897959183673
266,,0.4,0.24489795918367346
267,,0.6,0.3673469387755102
268,,0.8,0.4897959183673469
269,,1.0,1.0
270,,0.0,0.0
271,,0.2,0.08
272,,0.4,0.16
273,,0.6,0.24
274,,0.8,0.32
275,,1.0,1.0
276,,0.0,0.0
277,,0.2,0.07291666666666667
278,,0.4,0.14583333333333334
279,,0.6,0.21875
280,,0.8,0.2916666666666667
281,,1.0,1.0
282,,0.0,0.0
283,,0.2,0.11224489795918367
284,,0.4,0.22448979591836735
285,,0.6,0.336734693877551
286,,0.8,0.46938775510204084
287,,1.0,1.0
288,,0.0,0.0
289,,0.2,0.11458333333333333
290,,0.4,0.22916666666666666
291,,0.6,0.34375
292,,0.8,0.4583333333333333
293,,1.0,1.0
294,,0.0,0.0
295,,0.2,0.05
296,,0.4,0.1
297,,0.6,0.15
298,,0.8,0.22
299,,1.0,1.0
300,,0.0,0.0
301,,0.2,0.1487603305785124
302,,0.4,0.2975206611570248
303,,0.6,0.4462809917355372
304,,0.8,0.5950413223140496
305,,1.0,1.0
306,,0.0,0.0
307,,0.2,0.07333333333333333
308,,0.4,0.14666666666666667
309,,0.6,0.22
310,,0.8,0.29333333333333333
311,,1.0,1.0
312,,0.0,0.0
313,,0.2,0.09
314,,0.4,0.18
315,,0.6,0.27
316,,0.8,0.36
317,,1.0,1.0
318,,0.0,0.0
319,,0.2,0.09183673469387756
320,,0.4,0.1836734693877551
321,,0.6,0.2755102040816326
322,,0.8,0.3673469387755102
323,,1.0,1.0
324,,0.0,0.0
325,,0.2,0.013377926421404682
326,,0.4,0.026755852842809364
327,,0.6,0.04013377926421405
328,,0.8,0.06354515050167224
329,,1.0,1.0
330,,0.0,0.0
331,,0.2,0.14432989690721648
332,,0.4,0.28865979381443296
333,,0.6,0.4329896907216495
334,,0.8,0.5773195876288659
335,,1.0,1.0
336,,0.0,0.0
337,,0.2,0.16666666666666666
338,,0.4,0.3333333333333333
339,,0.6,0.5
340,,0.8,0.6944444444444444
341,,1.0,1.0
342,,0.0,0.0
343,,0.2,0.023980815347721823
344,,0.4,0.047961630695443645
345,,0.6,0.07194244604316546
346,,0.8,0.11510791366906475
347,,1.0,1.0
348,,0.0,0.0
349,,0.2,0.11926605504587157
350,,0.4,0.23853211009174313
351,,0.6,0.3577981651376147
352,,0.8,0.47706422018348627
353,,1.0,1.0
354,,0.0,0.0
355,,0.2,0.10638297872340426
356,,0.4,0.2127659574468085
357,,0.6,0.3191489361702128
358,,0.8,0.5
359,,1.0,1.0
360,,0.0,0.0
361,,0.2,0.05
362,,0.4,0.1
363,,0.6,0.15
364,,0.8,0.21666666666666667
365,,1.0,1.0
366,,0.0,0.0
367,,0.2,0.09259259259259259
368,,0.4,0.18518518518518517
369,,0.6,0.2777777777777778
370,,0.8,0.42592592592592593
371,,1.0,1.0
372,,0.0,0.0
373,,0.2,0.04040404040404041
374,,0.4,0.08080808080808081
375,,0.6,0.12121212121212122
376,,0.8,0.16161616161616163
377,,1.0,1.0
378,,0.0,0.0
379,,0.2,0.07
380,,0.4,0.14
381,,0.6,0.21
382,,0.8,0.32
383,,1.0,1.0
384,,0.0,0.0
385,,0.2,0.02708803611738149
386,,0.4,0.05417607223476298
387,,0.6,0.08126410835214447
388,,0.8,0.12866817155756208
389,,1.0,1.0
390,,0.0,0.0
391,,0.2,0.08620689655172414
392,,0.4,0.1724137931034483
393,,0.6,0.25862068965517243
394,,0.8,0.3448275862068966
395,,1.0,1.0
396,,0.0,0.0
397,,0.2,0.10204081632653061
398,,0.4,0.20408163265306123
399,,0.6,0.30612244897959184
400,,0.8,0.40816326530612246
401,,1.0,1.0
402,,0.0,0.0
403,,0.2,0.05102040816326531
404,,0.4,0.10204081632653061
405,,0.6,0.15306122448979592
406,,0.8,0.20408163265306123
407,,1.0,1.0
408,,0.0,0.0
409,,0.2,0.01
410,,0.4,0.02
411,,0.6,0.03
412,,0.8,0.04
413,,1.0,1.0
414,,0.0,0.0
415,,0.2,0.081145584725537
416,,0.4,0.162291169451074
417,,0.6,0.24343675417661098
418,,0.8,0.324582338902148
419,,1.0,1.0
420,,0.0,0.0
421,,0.2,0.14285714285714285
422,,0.4,0.2857142857142857
423,,0.6,0.42857142857142855
424,,0.8,0.5816326530612245
425,,1.0,1.0
426,,0.0,0.0
427,,0.2,0.1326530612244898
428,,0.4,0.2653061224489796
429,,0.6,0.3979591836734694
430,,0.8,0.5714285714285714
431,,1.0,1.0
432,,0.0,0.0
433,,0.2,0.18518518518518517
434,,0.4,0.37037037037037035
435,,0.6,0.5555555555555556
436,,0.8,0.7407407407407407
437,,1.0,1.0
438,,0.0,0.0
439,,0.2,0.18181818181818182
440,,0.4,0.36363636363636365
441,,0.6,0.5454545454545454
442,,0.8,0.7272727272727273
443,,1.0,1.0
444,,0.0,0.0
445,,0.2,0.08163265306122448
446,,0.4,0.16326530612244897
447,,0.6,0.24489795918367346
448,,0.8,0.3469387755102041
449,,1.0,1.0
450,,0.0,0.0
451,,0.2,0.09803921568627451
452,,0.4,0.19607843137254902
453,,0.6,0.29411764705882354
454,,0.8,0.39215686274509803
455,,1.0,1.0
456,,0.0,0.0
457,,0.2,0.021148036253776436
458,,0.4,0.04229607250755287
459,,0.6,0.0634441087613293
460,,0.8,0.09365558912386707
461,,1.0,1.0
462,,0.0,0.0
463,,0.2,0.018072289156626505
464,,0.4,0.03614457831325301
465,,0.6,0.05421686746987952
466,,0.8,0.0783132530120482
467,,1.0,1.0
468,,0.0,0.0
469,,0.2,0.07216494845360824
470,,0.4,0.14432989690721648
471,,0.6,0.21649484536082475
472,,0.8,0.28865979381443296
473,,1.0,1.0
474,,0.0,0.0
475,,0.2,0.10294117647058823
476,,0.4,0.20588235294117646
477,,0.6,0.3088235294117647
478,,0.8,0.4117647058823529
479,,1.0,1.0
480,,0.0,0.0
481,,0.2,0.12612612612612611
482,,0.4,0.25225225225225223
483,,0.6,0.3783783783783784
484,,0.8,0.5315315315315315
485,,1.0,1.0
486,,0.0,0.0
487,,0.2,0.17777777777777778
488,,0.4,0.35555555555555557
489,,0.6,0.5333333333333333
490,,0.8,0.7111111111111111
491,,1.0,1.0
492,,0.0,0.0
493,,0.2,0.07216494845360824
494,,0.4,0.14432989690721648
495,,0.6,0.21649484536082475
496,,0.8,0.28865979381443296
497,,1.0,1.0
498,,0.0,0.0
499,,0.2,0.1
500,,0.4,0.2
501,,0.6,0.3
502,,0.8,0.43
503,,1.0,1.0
504,,0.0,0.0
505,,0.2,0.17682926829268292
506,,0.4,0.35365853658536583
507,,0.6,0.5304878048780488
508,,0.8,0.7073170731707317
509,,1.0,1.0
510,,0.0,0.0
511,,0.2,0.04391891891891892
512,,0.4,0.08783783783783784
513,,0.6,0.13175675675675674
514,,0.8,0.20608108108108109
515,,1.0,1.0
516,,0.0,0.0
517,,0.2,0.25
518,,0.4,0.5
519,,0.6,0.75
520,,0.8,1.0
521,,1.0,1.0
522,,0.0,0.0
523,,0.2,0.1717171717171717
524,,0.4,0.3434343434343434
525,,0.6,0.5151515151515151
526,,0.8,0.6868686868686869
527,,1.0,1.0
528,,0.0,0.0
529,,0.2,0.08080808080808081
530,,0.4,0.16161616161616163
531,,0.6,0.24242424242424243
532,,0.8,0.32323232323232326
533,,1.0,1.0
534,,0.0,0.0
535,,0.2,0.125
536,,0.4,0.25
537,,0.6,0.375
538,,0.8,0.5375
539,,1.0,1.0
540,,0.0,0.0
541,,0.2,0.05504587155963303
542,,0.4,0.11009174311926606
543,,0.6,0.1651376146788991
544,,0.8,0.23853211009174313
545,,1.0,1.0
546,,0.0,0.0
547,,0.2,0.09
548,,0.4,0.18
549,,0.6,0.27
550,,0.8,0.4
551,,1.0,1.0
552,,0.0,0.0
553,,0.2,0.06
554,,0.4,0.12
555,,0.6,0.18
556,,0.8,0.26
557,,1.0,1.0
558,,0.0,0.0
559,,0.2,0.010025062656641603
560,,0.4,0.020050125313283207
561,,0.6,0.03007518796992481
562,,0.8,0.05012531328320802
563,,1.0,1.0
564,,0.0,0.0
565,,0.2,0.061855670103092786
566,,0.4,0.12371134020618557
567,,0.6,0.18556701030927836
568,,0.8,0.24742268041237114
569,,1.0,1.0
570,,0.0,0.0
571,,0.2,0.03535353535353535
572,,0.4,0.0707070707070707
573,,0.6,0.10606060606060606
574,,0.8,0.1414141414141414
575,,1.0,1.0
576,,0.0,0.0
577,,0.2,0.07142857142857142
578,,0.4,0.14285714285714285
579,,0.6,0.21428571428571427
580,,0.8,0.2857142857142857
581,,1.0,1.0
582,,0.0,0.0
583,,0.2,0.014314928425357873
584,,0.4,0.028629856850715747
585,,0.6,0.04294478527607362
586,,0.8,0.065439672801636
587,,1.0,1.0
588,,0.0,0.0
589,,0.2,0.1111111111111111
590,,0.4,0.2222222222222222
591,,0.6,0.3333333333333333
592,,0.8,0.5111111111111111
593,,1.0,1.0
594,,0.0,0.0
595,,0.2,0.06
596,,0.4,0.12
597,,0.6,0.18
598,,0.8,0.25
599,,1.0,1.0
600,,0.0,0.0
601,,0.2,0.07142857142857142
602,,0.4,0.14285714285714285
603,,0.6,0.21428571428571427
604,,0.8,0.3163265306122449
605,,1.0,1.0
606,,0.0,0.0
607,,0.2,0.03409090909090909
608,,0.4,0.06818181818181818
609,,0.6,0.10227272727272728
610,,0.8,0.1590909090909091
611,,1.0,1.0
612,,0.0,0.0
613,,0.2,0.08421052631578947
614,,0.4,0.16842105263157894
615,,0.6,0.25263157894736843
616,,0.8,0.3368421052631579
617,,1.0,1.0
618,,0.0,0.0
619,,0.2,0.2
620,,0.4,0.4
621,,0.6,0.6
622,,0.8,0.8
623,,1.0,1.0
624,,0.0,0.0
625,,0.2,0.10101010101010101
626,,0.4,0.20202020202020202
627,,0.6,0.30303030303030304
628,,0.8,0.45454545454545453
629,,1.0,1.0
630,,0.0,0.0
631,,0.2,0.05755395683453238
632,,0.4,0.11510791366906475
633,,0.6,0.17266187050359713
634,,0.8,0.23741007194244604
635,,1.0,1.0
636,,0.0,0.0
637,,0.2,0.05
638,,0.4,0.1
639,,0.6,0.15
640,,0.8,0.21
641,,1.0,1.0
642,,0.0,0.0
643,,0.2,0.1
644,,0.4,0.2
645,,0.6,0.3
646,,0.8,0.4909090909090909
647,,1.0,1.0
648,,0.0,0.0
649,,0.2,0.16326530612244897
650,,0.4,0.32653061224489793
651,,0.6,0.4897959183673469
652,,0.8,0.6530612244897959
653,,1.0,1.0
654,,0.0,0.0
655,,0.2,0.09473684210526316
656,,0.4,0.18947368421052632
657,,0.6,0.28421052631578947
658,,0.8,0.3894736842105263
659,,1.0,1.0
660,,0.0,0.0
661,,0.2,0.05333333333333334
662,,0.4,0.10666666666666667
663,,0.6,0.16
664,,0.8,0.21333333333333335
665,,1.0,1.0
666,,0.0,0.0
667,,0.2,0.07142857142857142
668,,0.4,0.14285714285714285
669,,0.6,0.21428571428571427
670,,0.8,0.2857142857142857
671,,1.0,1.0
672,,0.0,0.0
673,,0.2,0.14444444444444443
674,,0.4,0.28888888888888886
675,,0.6,0.43333333333333335
676,,0.8,0.5777777777777777
677,,1.0,1.0
678,,0.0,0.0
679,,0.2,0.1111111111111111
680,,0.4,0.2222222222222222
681,,0.6,0.3333333333333333
682,,0.8,0.4444444444444444
683,,1.0,1.0
684,,0.0,0.0
685,,0.2,0.08247422680412371
686,,0.4,0.16494845360824742
687,,0.6,0.24742268041237114
688,,0.8,0.32989690721649484
689,,1.0,1.0
690,,0.0,0.0
691,,0.2,0.045454545454545456
692,,0.4,0.09090909090909091
693,,0.6,0.13636363636363635
694,,0.8,0.21818181818181817
695,,1.0,1.0
696,,0.0,0.0
697,,0.2,0.05102040816326531
698,,0.4,0.10204081632653061
699,,0.6,0.15306122448979592
700,,0.8,0.20408163265306123
701,,1.0,1.0
702,,0.0,0.0
703,,0.2,0.06490872210953347
704,,0.4,0.12981744421906694
705,,0.6,0.1947261663286004
706,,0.8,0.27586206896551724
707,,1.0,1.0
708,,0.0,0.0
709,,0.2,0.25
710,,0.4,0.5
711,,0.6,0.75
712,,0.8,1.0
713,,1.0,1.0
714,,0.0,0.0
715,,0.2,0.05405405405405406
716,,0.4,0.10810810810810811
717,,0.6,0.16216216216216217
718,,0.8,0.21621621621621623
719,,1.0,1.0
720,,0.0,0.0
721,,0.2,0.05723905723905724
722,,0.4,0.11447811447811448
723,,0.6,0.1717171717171717
724,,0.8,0.2558922558922559
725,,1.0,1.0
726,,0.0,0.0
727,,0.2,0.03626943005181347
728,,0.4,0.07253886010362694
729,,0.6,0.10880829015544041
730,,0.8,0.14507772020725387
731,,1.0,1.0
732,,0.0,0.0
733,,0.2,0.09090909090909091
734,,0.4,0.18181818181818182
735,,0.6,0.2727272727272727
736,,0.8,0.3939393939393939
737,,1.0,1.0
738,,0.0,0.0
739,,0.2,0.034482758620689655
740,,0.4,0.06896551724137931
741,,0.6,0.10344827586206896
742,,0.8,0.1460446247464503
743,,1.0,1.0
744,,0.0,0.0
745,,0.2,0.050505050505050504
746,,0.4,0.10101010101010101
747,,0.6,0.15151515151515152
748,,0.8,0.24242424242424243
749,,1.0,1.0
750,,0.0,0.0
751,,0.2,0.05909090909090909
752,,0.4,0.11818181818181818
753,,0.6,0.17727272727272728
754,,0.8,0.2681818181818182
755,,1.0,1.0
756,,0.0,0.0
757,,0.2,0.07142857142857142
758,,0.4,0.14285714285714285
759,,0.6,0.21428571428571427
760,,0.8,0.30612244897959184
761,,1.0,1.0
762,,0.0,0.0
763,,0.2,0.04
764,,0.4,0.08
765,,0.6,0.12
766,,0.8,0.215
767,,1.0,1.0
768,,0.0,0.0
769,,0.2,0.07407407407407407
770,,0.4,0.14814814814814814
771,,0.6,0.2222222222222222
772,,0.8,0.30976430976430974
773,,1.0,1.0
774,,0.0,0.0
775,,0.2,0.061224489795918366
776,,0.4,0.12244897959183673
777,,0.6,0.1836734693877551
778,,0.8,0.2653061224489796
779,,1.0,1.0
780,,0.0,0.0
781,,0.2,0.08080808080808081
782,,0.4,0.16161616161616163
783,,0.6,0.24242424242424243
784,,0.8,0.3333333333333333
785,,1.0,1.0
786,,0.0,0.0
787,,0.2,0.037037037037037035
788,,0.4,0.07407407407407407
789,,0.6,0.1111111111111111
790,,0.8,0.16498316498316498
791,,1.0,1.0
792,,0.0,0.0
793,,0.2,0.03669724770642202
794,,0.4,0.07339449541284404
795,,0.6,0.11009174311926606
796,,0.8,0.1620795107033639
797,,1.0,1.0
798,,0.0,0.0
799,,0.2,0.041237113402061855
800,,0.4,0.08247422680412371
801,,0.6,0.12371134020618557
802,,0.8,0.23711340206185566
803,,1.0,1.0
804,,0.0,0.0
805,,0.2,0.04529616724738676
806,,0.4,0.09059233449477352
807,,0.6,0.13588850174216027
808,,0.8,0.1916376306620209
809,,1.0,1.0
810,,0.0,0.0
811,,0.2,0.14285714285714285
812,,0.4,0.2857142857142857
813,,0.6,0.42857142857142855
814,,0.8,0.5714285714285714
815,,1.0,1.0
816,,0.0,0.0
817,,0.2,0.030303030303030304
818,,0.4,0.06060606060606061
819,,0.6,0.09090909090909091
820,,0.8,0.12121212121212122
821,,1.0,1.0
822,,0.0,0.0
823,,0.2,0.05341246290801187
824,,0.4,0.10682492581602374
825,,0.6,0.16023738872403562
826,,0.8,0.23738872403560832
827,,1.0,1.0
828,,0.0,0.0
829,,0.2,0.06349206349206349
830,,0.4,0.12698412698412698
831,,0.6,0.19047619047619047
832,,0.8,0.27380952380952384
833,,1.0,1.0
834,,0.0,0.0
835,,0.2,0.012244897959183673
836,,0.4,0.024489795918367346
837,,0.6,0.036734693877551024
838,,0.8,0.05510204081632653
839,,1.0,1.0
840,,0.0,0.0
841,,0.2,0.07731958762886598
842,,0.4,0.15463917525773196
843,,0.6,0.23195876288659795
844,,0.8,0.3247422680412371
845,,1.0,1.0
846,,0.0,0.0
847,,0.2,0.10309278350515463
848,,0.4,0.20618556701030927
849,,0.6,0.30927835051546393
850,,0.8,0.422680412371134
851,,1.0,1.0
852,,0.0,0.0
853,,0.2,0.05154639175257732
854,,0.4,0.10309278350515463
855,,0.6,0.15463917525773196
856,,0.8,0.25773195876288657
857,,1.0,1.0
858,,0.0,0.0
859,,0.2,0.0707070707070707
860,,0.4,0.1414141414141414
861,,0.6,0.21212121212121213
862,,0.8,0.2828282828282828
863,,1.0,1.0
864,,0.0,0.0
865,,0.2,0.03625377643504532
866,,0.4,0.07250755287009064
867,,0.6,0.10876132930513595
868,,0.8,0.18126888217522658
869,,1.0,1.0
870,,0.0,0.0
871,,0.2,0.04713804713804714
872,,0.4,0.09427609427609428
873,,0.6,0.1414141414141414
874,,0.8,0.18855218855218855
875,,1.0,1.0
876,,0.0,0.0
877,,0.2,0.07216494845360824
878,,0.4,0.14432989690721648
879,,0.6,0.21649484536082475
880,,0.8,0.28865979381443296
881,,1.0,1.0
882,,0.0,0.0
883,,0.2,0.07142857142857142
884,,0.4,0.14285714285714285
885,,0.6,0.21428571428571427
886,,0.8,0.2857142857142857
887,,1.0,1.0
888,,0.0,0.0
889,,0.2,0.07
890,,0.4,0.14
891,,0.6,0.21
892,,0.8,0.3
893,,1.0,1.0
894,,0.0,0.0
895,,0.2,0.17117117117117117
896,,0.4,0.34234234234234234
897,,0.6,0.5135135135135135
898,,0.8,0.6846846846846847
899,,1.0,1.0
900,,0.0,0.0
901,,0.2,0.05555555555555555
902,,0.4,0.1111111111111111
903,,0.6,0.16666666666666666
904,,0.8,0.25
905,,1.0,1.0
906,,0.0,0.0
907,,0.2,0.125
908,,0.4,0.25
909,,0.6,0.375
910,,0.8,0.5
911,,1.0,1.0
912,,0.0,0.0
913,,0.2,0.0707070707070707
914,,0.4,0.1414141414141414
915,,0.6,0.21212121212121213
916,,0.8,0.2828282828282828
917,,1.0,1.0
918,,0.0,0.0
919,,0.2,0.1134020618556701
920,,0.4,0.2268041237113402
921,,0.6,0.3402061855670103
922,,0.8,0.4536082474226804
923,,1.0,1.0
924,,0.0,0.0
925,,0.2,0.11818181818181818
926,,0.4,0.23636363636363636
927,,0.6,0.35454545454545455
928,,0.8,0.4727272727272727
929,,1.0,1.0
930,,0.0,0.0
931,,0.2,0.061224489795918366
932,,0.4,0.12244897959183673
933,,0.6,0.1836734693877551
934,,0.8,0.2755102040816326
935,,1.0,1.0
936,,0.0,0.0
937,,0.2,0.14583333333333334
938,,0.4,0.2916666666666667
939,,0.6,0.4375
940,,0.8,0.5833333333333334
941,,1.0,1.0
942,,0.0,0.0
943,,0.2,0.04918032786885246
944,,0.4,0.09836065573770492
945,,0.6,0.14754098360655737
946,,0.8,0.26229508196721313
947,,1.0,1.0
948,,0.0,0.0
949,,0.2,0.02666666666666667
950,,0.4,0.05333333333333334
951,,0.6,0.08
952,,0.8,0.10666666666666667
953,,1.0,1.0
954,,0.0,0.0
955,,0.2,0.10309278350515463
956,,0.4,0.20618556701030927
957,,0.6,0.30927835051546393
958,,0.8,0.4536082474226804
959,,1.0,1.0
960,,0.0,0.0
961,,0.2,0.07802874743326489
962,,0.4,0.15605749486652978
963,,0.6,0.23408624229979466
964,,0.8,0.3162217659137577
965,,1.0,1.0
966,,0.0,0.0
967,,0.2,0.06
968,,0.4,0.12
969,,0.6,0.18
970,,0.8,0.26
971,,1.0,1.0
972,,0.0,0.0
973,,0.2,0.11711711711711711
974,,0.4,0.23423423423423423
975,,0.6,0.35135135135135137
976,,0.8,0.46846846846846846
977,,1.0,1.0
978,,0.0,0.0
979,,0.2,0.11904761904761904
980,,0.4,0.23809523809523808
981,,0.6,0.35714285714285715
982,,0.8,0.5059523809523809
983,,1.0,1.0
984,,0.0,0.0
985,,0.2,0.07720588235294118
986,,0.4,0.15441176470588236
987,,0.6,0.23161764705882354
988,,0.8,0.3125
989,,1.0,1.0
990,,0.0,0.0
991,,0.2,0.04794520547945205
992,,0.4,0.0958904109589041
993,,0.6,0.14383561643835616
994,,0.8,0.19863013698630136
995,,1.0,1.0
996,,0.0,0.0
997,,0.2,0.09090909090909091
998,,0.4,0.18181818181818182
999,,0.6,0.2727272727272727
1000,,0.8,0.36363636363636365
1001,,1.0,1.0
1002,,0.0,0.0
1003,,0.2,0.13
1004,,0.4,0.26
1005,,0.6,0.39
1006,,0.8,0.52
1007,,1.0,1.0
1008,,0.0,0.0
1009,,0.2,0.07142857142857142
1010,,0.4,0.14285714285714285
1011,,0.6,0.21428571428571427
1012,,0.8,0.32653061224489793
1013,,1.0,1.0
1014,,0.0,0.0
1015,,0.2,0.09278350515463918
1016,,0.4,0.18556701030927836
1017,,0.6,0.27835051546391754
1018,,0.8,0.3711340206185567
1019,,1.0,1.0
1020,,0.0,0.0
1021,,0.2,0.05517241379310345
1022,,0.4,0.1103448275862069
1023,,0.6,0.16551724137931034
1024,,0.8,0.2206896551724138
1025,,1.0,1.0
1026,,0.0,0.0
1027,,0.2,0.03636363636363636
1028,,0.4,0.07272727272727272
1029,,0.6,0.10909090909090909
1030,,0.8,0.19636363636363635
1031,,1.0,1.0
1032,,0.0,0.0
1033,,0.2,0.08163265306122448
1034,,0.4,0.16326530612244897
1035,,0.6,0.24489795918367346
1036,,0.8,0.32653061224489793
1037,,1.0,1.0
1038,,0.0,0.0
1039,,0.2,0.09259259259259259
1040,,0.4,0.18518518518518517
1041,,0.6,0.2777777777777778
1042,,0.8,0.37037037037037035
1043,,1.0,1.0
1044,,0.0,0.0
1045,,0.2,0.3333333333333333
1046,,0.4,0.6666666666666666
1047,,0.6,1.0
1048,,0.8,1.0
1049,,1.0,1.0
1050,,0.0,0.0
1051,,0.2,0.07291666666666667
1052,,0.4,0.14583333333333334
1053,,0.6,0.21875
1054,,0.8,0.2916666666666667
1055,,1.0,1.0
1056,,0.0,0.0
1057,,0.2,0.0777027027027027
1058,,0.4,0.1554054054054054
1059,,0.6,0.23310810810810811
1060,,0.8,0.3108108108108108
1061,,1.0,1.0
1062,,0.0,0.0
1063,,0.2,0.07368421052631578
1064,,0.4,0.14736842105263157
1065,,0.6,0.22105263157894736
1066,,0.8,0.29473684210526313
1067,,1.0,1.0
1068,,0.0,0.0
1069,,0.2,0.07333333333333333
1070,,0.4,0.14666666666666667
1071,,0.6,0.22
1072,,0.8,0.32
1073,,1.0,1.0
1074,,0.0,0.0
1075,,0.2,0.07614213197969544
1076,,0.4,0.15228426395939088
1077,,0.6,0.22842639593908629
1078,,0.8,0.30456852791878175
1079,,1.0,1.0
1080,,0.0,0.0
1081,,0.2,0.1095890410958904
1082,,0.4,0.2191780821917808
1083,,0.6,0.3287671232876712
1084,,0.8,0.4520547945205479
1085,,1.0,1.0
1086,,0.0,0.0
1087,,0.2,0.06060606060606061
1088,,0.4,0.12121212121212122
1089,,0.6,0.18181818181818182
1090,,0.8,0.24242424242424243
1091,,1.0,1.0
1092,,0.0,0.0
1093,,0.2,0.11320754716981132
1094,,0.4,0.22641509433962265
1095,,0.6,0.33962264150943394
1096,,0.8,0.5283018867924528
1097,,1.0,1.0
1098,,0.0,0.0
1099,,0.2,0.03389830508474576
1100,,0.4,0.06779661016949153
1101,,0.6,0.1016949152542373
1102,,0.8,0.15254237288135594
1103,,1.0,1.0
1104,,0.0,0.0
1105,,0.2,0.10101010101010101
1106,,0.4,0.20202020202020202
1107,,0.6,0.30303030303030304
1108,,0.8,0.43434343434343436
1109,,1.0,1.0
1110,,0.0,0.0
1111,,0.2,0.032388663967611336
1112,,0.4,0.06477732793522267
1113,,0.6,0.09716599190283401
1114,,0.8,0.13360323886639677
1115,,1.0,1.0
1116,,0.0,0.0
1117,,0.2,0.05084745762711865
1118,,0.4,0.1016949152542373
1119,,0.6,0.15254237288135594
1120,,0.8,0.21610169491525424
1121,,1.0,1.0
1122,,0.0,0.0
1123,,0.2,0.06060606060606061
1124,,0.4,0.12121212121212122
1125,,0.6,0.18181818181818182
1126,,0.8,0.24242424242424243
1127,,1.0,1.0
1128,,0.0,0.0
1129,,0.2,0.056657223796033995
1130,,0.4,0.11331444759206799
1131,,0.6,0.16997167138810199
1132,,0.8,0.22662889518413598
1133,,1.0,1.0
1134,,0.0,0.0
1135,,0.2,0.07526881720430108
1136,,0.4,0.15053763440860216
1137,,0.6,0.22580645161290322
1138,,0.8,0.3010752688172043
1139,,1.0,1.0
1140,,0.0,0.0
1141,,0.2,0.030456852791878174
1142,,0.4,0.06091370558375635
1143,,0.6,0.09137055837563451
1144,,0.8,0.1218274111675127
1145,,1.0,1.0
1146,,0.0,0.0
1147,,0.2,0.04377104377104377
1148,,0.4,0.08754208754208755
1149,,0.6,0.13131313131313133
1150,,0.8,0.21548821548821548
1151,,1.0,1.0
1152,,0.0,0.0
1153,,0.2,0.11570247933884298
1154,,0.4,0.23140495867768596
1155,,0.6,0.34710743801652894
1156,,0.8,0.4628099173553719
1157,,1.0,1.0
1158,,0.0,0.0
1159,,0.2,0.041666666666666664
1160,,0.4,0.08333333333333333
1161,,0.6,0.125
1162,,0.8,0.16666666666666666
1163,,1.0,1.0
1164,,0.0,0.0
1165,,0.2,0.07216494845360824
1166,,0.4,0.14432989690721648
1167,,0.6,0.21649484536082475
1168,,0.8,0.3711340206185567
1169,,1.0,1.0
1170,,0.0,0.0
1171,,0.2,0.05
1172,,0.4,0.1
1173,,0.6,0.15
1174,,0.8,0.23157894736842105
1175,,1.0,1.0
1176,,0.0,0.0
1177,,0.2,0.11
1178,,0.4,0.22
1179,,0.6,0.33
1180,,0.8,0.44
1181,,1.0,1.0
1182,,0.0,0.0
1183,,0.2,0.042735042735042736
1184,,0.4,0.08547008547008547
1185,,0.6,0.1282051282051282
1186,,0.8,0.17094017094017094
1187,,1.0,1.0
1188,,0.0,0.0
1189,,0.2,0.027303754266211604
1190,,0.4,0.05460750853242321
1191,,0.6,0.08191126279863481
1192,,0.8,0.11604095563139932
1193,,1.0,1.0
1194,,0.0,0.0
1195,,0.2,0.0625
1196,,0.4,0.125
1197,,0.6,0.1875
1198,,0.8,0.3020833333333333
1199,,1.0,1.0
1200,,0.0,0.0
1201,,0.2,0.02
1202,,0.4,0.04
1203,,0.6,0.06
1204,,0.8,0.08
1205,,1.0,1.0
1206,,0.0,0.0
1207,,0.2,0.055415617128463476
1208,,0.4,0.11083123425692695
1209,,0.6,0.16624685138539042
1210,,0.8,0.25692695214105793
1211,,1.0,1.0
1212,,0.0,0.0
1213,,0.2,0.037267080745341616
1214,,0.4,0.07453416149068323
1215,,0.6,0.11180124223602485
1216,,0.8,0.18322981366459629
1217,,1.0,1.0
1218,,0.0,0.0
1219,,0.2,0.04040404040404041
1220,,0.4,0.08080808080808081
1221,,0.6,0.12121212121212122
1222,,0.8,0.18181818181818182
1223,,1.0,1.0
1224,,0.0,0.0
1225,,0.2,0.13286713286713286
1226,,0.4,0.26573426573426573
1227,,0.6,0.3986013986013986
1228,,0.8,0.5314685314685315
1229,,1.0,1.0
1230,,0.0,0.0
1231,,0.2,0.15217391304347827
1232,,0.4,0.30434782608695654
1233,,0.6,0.45652173913043476
1234,,0.8,0.6086956521739131
1235,,1.0,1.0
1236,,0.0,0.0
1237,,0.2,0.13
1238,,0.4,0.26
1239,,0.6,0.39
1240,,0.8,0.55
1241,,1.0,1.0
1242,,0.0,0.0
1243,,0.2,0.11224489795918367
1244,,0.4,0.22448979591836735
1245,,0.6,0.336734693877551
1246,,0.8,0.4489795918367347
1247,,1.0,1.0
1248,,0.0,0.0
1249,,0.2,0.06060606060606061
1250,,0.4,0.12121212121212122
1251,,0.6,0.18181818181818182
1252,,0.8,0.24242424242424243
1253,,1.0,1.0
1254,,0.0,0.0
1255,,0.2,0.10909090909090909
1256,,0.4,0.21818181818181817
1257,,0.6,0.32727272727272727
1258,,0.8,0.45454545454545453
1259,,1.0,1.0
1260,,0.0,0.0
1261,,0.2,0.11214953271028037
1262,,0.4,0.22429906542056074
1263,,0.6,0.3364485981308411
1264,,0.8,0.4766355140186916
1265,,1.0,1.0
1266,,0.0,0.0
1267,,0.2,0.09090909090909091
1268,,0.4,0.18181818181818182
1269,,0.6,0.2727272727272727
1270,,0.8,0.36363636363636365
1271,,1.0,1.0
1272,,0.0,0.0
1273,,0.2,0.08247422680412371
1274,,0.4,0.16494845360824742
1275,,0.6,0.24742268041237114
1276,,0.8,0.38144329896907214
1277,,1.0,1.0
1278,,0.0,0.0
1279,,0.2,0.06
1280,,0.4,0.12
1281,,0.6,0.18
1282,,0.8,0.3
1283,,1.0,1.0
1284,,0.0,0.0
1285,,0.2,0.11224489795918367
1286,,0.4,0.22448979591836735
1287,,0.6,0.336734693877551
1288,,0.8,0.5
1289,,1.0,1.0
1290,,0.0,0.0
1291,,0.2,0.04672897196261682
1292,,0.4,0.09345794392523364
1293,,0.6,0.14018691588785046
1294,,0.8,0.205607476635514
1295,,1.0,1.0
1296,,0.0,0.0
1297,,0.2,0.037037037037037035
1298,,0.4,0.07407407407407407
1299,,0.6,0.1111111111111111
1300,,0.8,0.14814814814814814
1301,,1.0,1.0
1302,,0.0,0.0
1303,,0.2,0.05405405405405406
1304,,0.4,0.10810810810810811
1305,,0.6,0.16216216216216217
1306,,0.8,0.22297297297297297
1307,,1.0,1.0
1308,,0.0,0.0
1309,,0.2,0.04666666666666667
1310,,0.4,0.09333333333333334
1311,,0.6,0.14
1312,,0.8,0.18666666666666668
1313,,1.0,1.0
1314,,0.0,0.0
1315,,0.2,0.03755868544600939
1316,,0.4,0.07511737089201878
1317,,0.6,0.11267605633802817
1318,,0.8,0.1784037558685446
1319,,1.0,1.0
1320,,0.0,0.0
1321,,0.2,0.028169014084507043
1322,,0.4,0.056338028169014086
1323,,0.6,0.08450704225352113
1324,,0.8,0.12206572769953052
1325,,1.0,1.0
1326,,0.0,0.0
1327,,0.2,0.03496503496503497
1328,,0.4,0.06993006993006994
1329,,0.6,0.1048951048951049
1330,,0.8,0.15384615384615385
1331,,1.0,1.0
1332,,0.0,0.0
1333,,0.2,0.02735562310030395
1334,,0.4,0.0547112462006079
1335,,0.6,0.08206686930091185
1336,,0.8,0.15501519756838905
1337,,1.0,1.0
1338,,0.0,0.0
1339,,0.2,0.15
1340,,0.4,0.3
1341,,0.6,0.45
1342,,0.8,0.6
1343,,1.0,1.0
1344,,0.0,0.0
1345,,0.2,0.03
1346,,0.4,0.06
1347,,0.6,0.125
1348,,0.8,0.265
1349,,1.0,1.0
1350,,0.0,0.0
1351,,0.2,0.008350016666666666
1352,,0.4,0.05828335
1353,,0.6,0.10828336666666667
1354,,0.8,0.16666666666666666
1355,,1.0,1.0
1356,,0.0,0.0
1357,,0.2,0.06060606060606061
1358,,0.4,0.12121212121212122
1359,,0.6,0.18181818181818182
1360,,0.8,0.24242424242424243
1361,,1.0,1.0
1362,,0.0,0.0
1363,,0.2,0.0718562874251497
1364,,0.4,0.1437125748502994
1365,,0.6,0.2155688622754491
1366,,0.8,0.2874251497005988
1367,,1.0,1.0
1368,,0.0,0.0
1369,,0.2,0.09090909090909091
1370,,0.4,0.18181818181818182
1371,,0.6,0.2727272727272727
1372,,0.8,0.39669421487603307
1373,,1.0,1.0
1374,,0.0,0.0
1375,,0.2,0.08396946564885496
1376,,0.4,0.16793893129770993
1377,,0.6,0.25190839694656486
1378,,0.8,0.3816793893129771
1379,,1.0,1.0
1380,,0.0,0.0
1381,,0.2,0.03927492447129909
1382,,0.4,0.07854984894259819
1383,,0.6,0.12084592145015106
1384,,0.8,0.22054380664652568
1385,,1.0,1.0
1386,,0.0,0.0
1387,,0.2,0.0990990990990991
1388,,0.4,0.1981981981981982
1389,,0.6,0.2972972972972973
1390,,0.8,0.3963963963963964
1391,,1.0,1.0
1392,,0.0,0.0
1393,,0.2,0.041237113402061855
1394,,0.4,0.08247422680412371
1395,,0.6,0.12371134020618557
1396,,0.8,0.20618556701030927
1397,,1.0,1.0
1398,,0.0,0.0
1399,,0.2,0.04821802935010482
1400,,0.4,0.09643605870020965
1401,,0.6,0.14465408805031446
1402,,0.8,0.1949685534591195
1403,,1.0,1.0
1404,,0.0,0.0
1405,,0.2,0.061224489795918366
1406,,0.4,0.12244897959183673
1407,,0.6,0.1836734693877551
1408,,0.8,0.2755102040816326
1409,,1.0,1.0
1410,,0.0,0.0
1411,,0.2,0.012048192771084338
1412,,0.4,0.024096385542168676
1413,,0.6,0.03614457831325301
1414,,0.8,0.04819277108433735
1415,,1.0,1.0
1416,,0.0,0.0
1417,,0.2,0.16842105263157894
1418,,0.4,0.3368421052631579
1419,,0.6,0.5052631578947369
1420,,0.8,0.6736842105263158
1421,,1.0,1.0
1422,,0.0,0.0
1423,,0.2,0.10397553516819572
1424,,0.4,0.20795107033639143
1425,,0.6,0.3119266055045872
1426,,0.8,0.41590214067278286
1427,,1.0,1.0
1428,,0.0,0.0
1429,,0.2,0.035555555555555556
1430,,0.4,0.07111111111111111
1431,,0.6,0.10666666666666667
1432,,0.8,0.14888888888888888
1433,,1.0,1.0
1434,,0.0,0.0
1435,,0.2,0.09090909090909091
1436,,0.4,0.18181818181818182
1437,,0.6,0.2727272727272727
1438,,0.8,0.36363636363636365
1439,,1.0,1.0
1440,,0.0,0.0
1441,,0.2,0.08928571428571429
1442,,0.4,0.17857142857142858
1443,,0.6,0.26785714285714285
1444,,0.8,0.4107142857142857
1445,,1.0,1.0
1446,,0.0,0.0
1447,,0.2,0.08080808080808081
1448,,0.4,0.16161616161616163
1449,,0.6,0.24242424242424243
1450,,0.8,0.32323232323232326
1451,,1.0,1.0
1452,,0.0,0.0
1453,,0.2,0.16666666666666666
1454,,0.4,0.3333333333333333
1455,,0.6,0.5
1456,,0.8,0.6666666666666666
1457,,1.0,1.0
1458,,0.0,0.0
1459,,0.2,0.09090909090909091
1460,,0.4,0.18181818181818182
1461,,0.6,0.2727272727272727
1462,,0.8,0.3939393939393939
1463,,1.0,1.0
1464,,0.0,0.0
1465,,0.2,0.0898876404494382
1466,,0.4,0.1797752808988764
1467,,0.6,0.2696629213483146
1468,,0.8,0.38202247191011235
1469,,1.0,1.0
1470,,0.0,0.0
1471,,0.2,0.06060606060606061
1472,,0.4,0.12121212121212122
1473,,0.6,0.18181818181818182
1474,,0.8,0.24242424242424243
1475,,1.0,1.0
1476,,0.0,0.0
1477,,0.2,0.0963855421686747
1478,,0.4,0.1927710843373494
1479,,0.6,0.2891566265060241
1480,,0.8,0.42168674698795183
1481,,1.0,1.0
1482,,0.0,0.0
1483,,0.2,0.04225352112676056
1484,,0.4,0.08450704225352113
1485,,0.6,0.1267605633802817
1486,,0.8,0.16901408450704225
1487,,1.0,1.0
1488,,0.0,0.0
1489,,0.2,0.020134228187919462
1490,,0.4,0.040268456375838924
1491,,0.6,0.06040268456375839
1492,,0.8,0.09395973154362416
1493,,1.0,1.0
1494,,0.0,0.0
1495,,0.2,0.04081632653061224
1496,,0.4,0.08163265306122448
1497,,0.6,0.12244897959183673
1498,,0.8,0.16326530612244897
1499,,1.0,1.0
1500,,0.0,0.0
1501,,0.2,0.053691275167785234
1502,,0.4,0.10738255033557047
1503,,0.6,0.1610738255033557
1504,,0.8,0.21476510067114093
1505,,1.0,1.0
1506,,0.0,0.0
1507,,0.2,0.07
1508,,0.4,0.14
1509,,0.6,0.21
1510,,0.8,0.28
1511,,1.0,1.0
1512,,0.0,0.0
1513,,0.2,0.10204081632653061
1514,,0.4,0.20408163265306123
1515,,0.6,0.30612244897959184
1516,,0.8,0.40816326530612246
1517,,1.0,1.0
1518,,0.0,0.0
1519,,0.2,0.11
1520,,0.4,0.22
1521,,0.6,0.33
1522,,0.8,0.45
1523,,1.0,1.0
1524,,0.0,0.0
1525,,0.2,0.1111111111111111
1526,,0.4,0.2222222222222222
1527,,0.6,0.3333333333333333
1528,,0.8,0.49074074074074076
1529,,1.0,1.0
1530,,0.0,0.0
1531,,0.2,0.024390243902439025
1532,,0.4,0.04878048780487805
1533,,0.6,0.07317073170731707
1534,,0.8,0.11890243902439024
1535,,1.0,1.0
1536,,0.0,0.0
1537,,0.2,0.030612244897959183
1538,,0.4,0.061224489795918366
1539,,0.6,0.09183673469387756
1540,,0.8,0.14285714285714285
1541,,1.0,1.0
1542,,0.0,0.0
1543,,0.2,0.03
1544,,0.4,0.06
1545,,0.6,0.09
1546,,0.8,0.14
1547,,1.0,1.0
1548,,0.0,0.0
1549,,0.2,0.057971014492753624
1550,,0.4,0.11594202898550725
1551,,0.6,0.17391304347826086
1552,,0.8,0.28743961352657005
1553,,1.0,1.0
1554,,0.0,0.0
1555,,0.2,0.06060606060606061
1556,,0.4,0.12121212121212122
1557,,0.6,0.18181818181818182
1558,,0.8,0.26262626262626265
1559,,1.0,1.0
1560,,0.0,0.0
1561,,0.2,0.016091954022988506
1562,,0.4,0.03218390804597701
1563,,0.6,0.04827586206896552
1564,,0.8,0.06666666666666667
1565,,1.0,1.0
1566,,0.0,0.0
1567,,0.2,0.25
1568,,0.4,0.5
1569,,0.6,0.75
1570,,0.8,1.0
1571,,1.0,1.0
1572,,0.0,0.0
1573,,0.2,0.04712041884816754
1574,,0.4,0.09424083769633508
1575,,0.6,0.14136125654450263
1576,,0.8,0.20418848167539266
1577,,1.0,1.0
1578,,0.0,0.0
1579,,0.2,0.16666666666666666
1580,,0.4,0.3333333333333333
1581,,0.6,0.5
1582,,0.8,0.6666666666666666
1583,,1.0,1.0
1584,,0.0,0.0
1585,,0.2,0.018329938900203666
1586,,0.4,0.03665987780040733
1587,,0.6,0.054989816700611
1588,,0.8,0.07739307535641547
1589,,1.0,1.0
1590,,0.0,0.0
1591,,0.2,0.09215017064846416
1592,,0.4,0.18430034129692832
1593,,0.6,0.2764505119453925
1594,,0.8,0.4129692832764505
1595,,1.0,1.0
1596,,0.0,0.0
1597,,0.2,0.1724137931034483
1598,,0.4,0.3448275862068966
1599,,0.6,0.5172413793103449
1600,,0.8,0.6896551724137931
1601,,1.0,1.0
1602,,0.0,0.0
1603,,0.2,0.05759162303664921
1604,,0.4,0.11518324607329843
1605,,0.6,0.17277486910994763
1606,,0.8,0.24607329842931938
1607,,1.0,1.0
1608,,0.0,0.0
1609,,0.2,0.06153846153846154
1610,,0.4,0.12307692307692308
1611,,0.6,0.18461538461538463
1612,,0.8,0.2846153846153846
1613,,1.0,1.0
1614,,0.0,0.0
1615,,0.2,0.05084745762711865
1616,,0.4,0.1016949152542373
1617,,0.6,0.15254237288135594
1618,,0.8,0.288135593220339
1619,,1.0,1.0
1620,,0.0,0.0
1621,,0.2,0.015197568389057751
1622,,0.4,0.030395136778115502
1623,,0.6,0.04559270516717325
1624,,0.8,0.060790273556231005
1625,,1.0,1.0
1626,,0.0,0.0
1627,,0.2,0.13131313131313133
1628,,0.4,0.26262626262626265
1629,,0.6,0.3939393939393939
1630,,0.8,0.5353535353535354
1631,,1.0,1.0
1632,,0.0,0.0
1633,,0.2,0.0851063829787234
1634,,0.4,0.1702127659574468
1635,,0.6,0.2553191489361702
1636,,0.8,0.3404255319148936
1637,,1.0,1.0
1638,,0.0,0.0
1639,,0.2,0.03619909502262444
1640,,0.4,0.07239819004524888
1641,,0.6,0.1085972850678733
1642,,0.8,0.15384615384615385
1643,,1.0,1.0
1644,,0.0,0.0
1645,,0.2,0.08256880733944955
1646,,0.4,0.1651376146788991
1647,,0.6,0.24770642201834864
1648,,0.8,0.3302752293577982
1649,,1.0,1.0
1650,,0.0,0.0
1651,,0.2,0.11320754716981132
1652,,0.4,0.22641509433962265
1653,,0.6,0.33962264150943394
1654,,0.8,0.46226415094339623
1655,,1.0,1.0
1656,,0.0,0.0
1657,,0.2,0.018072289156626505
1658,,0.4,0.03614457831325301
1659,,0.6,0.05421686746987952
1660,,0.8,0.07429718875502007
1661,,1.0,1.0
1662,,0.0,0.0
1663,,0.2,0.07446808510638298
1664,,0.4,0.14893617021276595
1665,,0.6,0.22340425531914893
1666,,0.8,0.35106382978723405
1667,,1.0,1.0
1668,,0.0,0.0
1669,,0.2,0.1111111111111111
1670,,0.4,0.2222222222222222
1671,,0.6,0.3333333333333333
1672,,0.8,0.4444444444444444
1673,,1.0,1.0
1674,,0.0,0.0
1675,,0.2,0.061224489795918366
1676,,0.4,0.12244897959183673
1677,,0.6,0.1836734693877551
1678,,0.8,0.24489795918367346
1679,,1.0,1.0
1680,,0.0,0.0
1681,,0.2,0.06837606837606838
1682,,0.4,0.13675213675213677
1683,,0.6,0.20512820512820512
1684,,0.8,0.27350427350427353
1685,,1.0,1.0
1686,,0.0,0.0
1687,,0.2,0.1836734693877551
1688,,0.4,0.3673469387755102
1689,,0.6,0.5510204081632653
1690,,0.8,0.7346938775510204
1691,,1.0,1.0
1692,,0.0,0.0
1693,,0.2,0.06040268456375839
1694,,0.4,0.12080536912751678
1695,,0.6,0.18120805369127516
1696,,0.8,0.24161073825503357
1697,,1.0,1.0
1698,,0.0,0.0
1699,,0.2,0.125
1700,,0.4,0.25
1701,,0.6,0.375
1702,,0.8,0.5
1703,,1.0,1.0
1704,,0.0,0.0
1705,,0.2,0.04060913705583756
1706,,0.4,0.08121827411167512
1707,,0.6,0.12690355329949238
1708,,0.8,0.233502538071066
1709,,1.0,1.0
1710,,0.0,0.0
1711,,0.2,0.04713804713804714
1712,,0.4,0.09427609427609428
1713,,0.6,0.1414141414141414
1714,,0.8,0.19865319865319866
1715,,1.0,1.0
1716,,0.0,0.0
1717,,0.2,0.024193548387096774
1718,,0.4,0.04838709677419355
1719,,0.6,0.07258064516129033
1720,,0.8,0.10483870967741936
1721,,1.0,1.0
1722,,0.0,0.0
1723,,0.2,0.025252525252525252
1724,,0.4,0.050505050505050504
1725,,0.6,0.07575757575757576
1726,,0.8,0.10101010101010101
1727,,1.0,1.0
1728,,0.0,0.0
1729,,0.2,0.04081632653061224
1730,,0.4,0.08163265306122448
1731,,0.6,0.12244897959183673
1732,,0.8,0.17346938775510204
1733,,1.0,1.0
1734,,0.0,0.0
1735,,0.2,0.10204081632653061
1736,,0.4,0.20408163265306123
1737,,0.6,0.30612244897959184
1738,,0.8,0.40816326530612246
1739,,1.0,1.0
1740,,0.0,0.0
1741,,0.2,0.07291666666666667
1742,,0.4,0.14583333333333334
1743,,0.6,0.21875
1744,,0.8,0.3125
1745,,1.0,1.0
1746,,0.0,0.0
1747,,0.2,0.08571428571428572
1748,,0.4,0.17142857142857143
1749,,0.6,0.2571428571428571
1750,,0.8,0.34285714285714286
1751,,1.0,1.0
1752,,0.0,0.0
1753,,0.2,0.020080321285140562
1754,,0.4,0.040160642570281124
1755,,0.6,0.060240963855421686
1756,,0.8,0.08032128514056225
1757,,1.0,1.0
1758,,0.0,0.0
1759,,0.2,0.017964071856287425
1760,,0.4,0.03592814371257485
1761,,0.6,0.05389221556886228
1762,,0.8,0.11377245508982035
1763,,1.0,1.0
1764,,0.0,0.0
1765,,0.2,0.11206896551724138
1766,,0.4,0.22413793103448276
1767,,0.6,0.33620689655172414
1768,,0.8,0.4827586206896552
1769,,1.0,1.0
1770,,0.0,0.0
1771,,0.2,0.06060606060606061
1772,,0.4,0.12121212121212122
1773,,0.6,0.18181818181818182
1774,,0.8,0.2727272727272727
1775,,1.0,1.0
1776,,0.0,0.0
1777,,0.2,0.04229607250755287
1778,,0.4,0.08459214501510574
1779,,0.6,0.1268882175226586
1780,,0.8,0.17522658610271905
1781,,1.0,1.0
1782,,0.0,0.0
1783,,0.2,0.03
1784,,0.4,0.06
1785,,0.6,0.09
1786,,0.8,0.13333333333333333
1787,,1.0,1.0
1788,,0.0,0.0
1789,,0.2,0.10101010101010101
1790,,0.4,0.20202020202020202
1791,,0.6,0.30303030303030304
1792,,0.8,0.45454545454545453
1793,,1.0,1.0
1794,,0.0,0.0
1795,,0.2,0.0707070707070707
1796,,0.4,0.1414141414141414
1797,,0.6,0.21212121212121213
1798,,0.8,0.31313131313131315
1799,,1.0,1.0
1800,,0.0,0.0
1801,,0.2,0.050505050505050504
1802,,0.4,0.10101010101010101
1803,,0.6,0.15151515151515152
1804,,0.8,0.2222222222222222
1805,,1.0,1.0
1806,,0.0,0.0
1807,,0.2,0.03355704697986577
1808,,0.4,0.06711409395973154
1809,,0.6,0.10067114093959731
1810,,0.8,0.15436241610738255
1811,,1.0,1.0
1812,,0.0,0.0
1813,,0.2,0.09183673469387756
1814,,0.4,0.1836734693877551
1815,,0.6,0.2755102040816326
1816,,0.8,0.3673469387755102
1817,,1.0,1.0
1818,,0.0,0.0
1819,,0.2,0.059278350515463915
1820,,0.4,0.11855670103092783
1821,,0.6,0.17783505154639176
1822,,0.8,0.23711340206185566
1823,,1.0,1.0
1824,,0.0,0.0
1825,,0.2,0.026845637583892617
1826,,0.4,0.053691275167785234
1827,,0.6,0.08053691275167785
1828,,0.8,0.12080536912751678
1829,,1.0,1.0
1830,,0.0,0.0
1831,,0.2,0.014
1832,,0.4,0.028
1833,,0.6,0.042
1834,,0.8,0.062
1835,,1.0,1.0
1836,,0.0,0.0
1837,,0.2,0.10309278350515463
1838,,0.4,0.20618556701030927
1839,,0.6,0.30927835051546393
1840,,0.8,0.41237113402061853
1841,,1.0,1.0
1842,,0.0,0.0
1843,,0.2,0.06796116504854369
1844,,0.4,0.13592233009708737
1845,,0.6,0.20388349514563106
1846,,0.8,0.36893203883495146
1847,,1.0,1.0
1848,,0.0,0.0
1849,,0.2,0.125
1850,,0.4,0.25
1851,,0.6,0.375
1852,,0.8,0.5
1853,,1.0,1.0
1854,,0.0,0.0
1855,,0.2,0.04435483870967742
1856,,0.4,0.08870967741935484
1857,,0.6,0.13306451612903225
1858,,0.8,0.1975806451612903
1859,,1.0,1.0
1860,,0.0,0.0
1861,,0.2,0.017142857142857144
1862,,0.4,0.03428571428571429
1863,,0.6,0.05142857142857143
1864,,0.8,0.08285714285714285
1865,,1.0,1.0
1866,,0.0,0.0
1867,,0.2,0.16666666666666666
1868,,0.4,0.3333333333333333
1869,,0.6,0.5
1870,,0.8,0.6666666666666666
1871,,1.0,1.0
1872,,0.0,0.0
1873,,0.2,0.15384615384615385
1874,,0.4,0.3076923076923077
1875,,0.6,0.46153846153846156
1876,,0.8,0.6410256410256411
1877,,1.0,1.0
1878,,0.0,0.0
1879,,0.2,0.045454545454545456
1880,,0.4,0.09090909090909091
1881,,0.6,0.13636363636363635
1882,,0.8,0.1919191919191919
1883,,1.0,1.0
1884,,0.0,0.0
1885,,0.2,0.036072144288577156
1886,,0.4,0.07214428857715431
1887,,0.6,0.10821643286573146
1888,,0.8,0.14829659318637275
1889,,1.0,1.0
1890,,0.0,0.0
1891,,0.2,0.10204081632653061
1892,,0.4,0.20408163265306123
1893,,0.6,0.30612244897959184
1894,,0.8,0.40816326530612246
1895,,1.0,1.0
1896,,0.0,0.0
1897,,0.2,0.11
1898,,0.4,0.22
1899,,0.6,0.33
1900,,0.8,0.44
1901,,1.0,1.0
1902,,0.0,0.0
1903,,0.2,0.05555555555555555
1904,,0.4,0.1111111111111111
1905,,0.6,0.16666666666666666
1906,,0.8,0.2534722222222222
1907,,1.0,1.0
1908,,0.0,0.0
1909,,0.2,0.061855670103092786
1910,,0.4,0.12371134020618557
1911,,0.6,0.18556701030927836
1912,,0.8,0.24742268041237114
1913,,1.0,1.0
1914,,0.0,0.0
1915,,0.2,0.04081632653061224
1916,,0.4,0.08163265306122448
1917,,0.6,0.12244897959183673
1918,,0.8,0.16326530612244897
1919,,1.0,1.0
1920,,0.0,0.0
1921,,0.2,0.08080808080808081
1922,,0.4,0.16161616161616163
1923,,0.6,0.24242424242424243
1924,,0.8,0.3838383838383838
1925,,1.0,1.0
1926,,0.0,0.0
1927,,0.2,0.05263157894736842
1928,,0.4,0.10526315789473684
1929,,0.6,0.15789473684210525
1930,,0.8,0.2550607287449393
1931,,1.0,1.0
1932,,0.0,0.0
1933,,0.2,0.061224489795918366
1934,,0.4,0.12244897959183673
1935,,0.6,0.1836734693877551
1936,,0.8,0.30612244897959184
1937,,1.0,1.0
1938,,0.0,0.0
1939,,0.2,0.07142857142857142
1940,,0.4,0.14285714285714285
1941,,0.6,0.21428571428571427
1942,,0.8,0.32653061224489793
1943,,1.0,1.0
1944,,0.0,0.0
1945,,0.2,0.10204081632653061
1946,,0.4,0.20408163265306123
1947,,0.6,0.30612244897959184
1948,,0.8,0.40816326530612246
1949,,1.0,1.0
1950,,0.0,0.0
1951,,0.2,0.08695652173913043
1952,,0.4,0.17391304347826086
1953,,0.6,0.2608695652173913
1954,,0.8,0.3695652173913043
1955,,1.0,1.0
1956,,0.0,0.0
1957,,0.2,0.09183673469387756
1958,,0.4,0.1836734693877551
1959,,0.6,0.2755102040816326
1960,,0.8,0.3673469387755102
1961,,1.0,1.0
1962,,0.0,0.0
1963,,0.2,0.016666666666666666
1964,,0.4,0.03333333333333333
1965,,0.6,0.05
1966,,0.8,0.08571428571428572
1967,,1.0,1.0
1968,,0.0,0.0
1969,,0.2,0.04854368932038835
1970,,0.4,0.0970873786407767
1971,,0.6,0.14563106796116504
1972,,0.8,0.20388349514563106
1973,,1.0,1.0
1974,,0.0,0.0
1975,,0.2,0.025714285714285714
1976,,0.4,0.05142857142857143
1977,,0.6,0.07714285714285714
1978,,0.8,0.14285714285714285
1979,,1.0,1.0
1980,,0.0,0.0
1981,,0.2,0.11578947368421053
1982,,0.4,0.23157894736842105
1983,,0.6,0.3473684210526316
1984,,0.8,0.4631578947368421
1985,,1.0,1.0
1986,,0.0,0.0
1987,,0.2,0.061224489795918366
1988,,0.4,0.12244897959183673
1989,,0.6,0.1836734693877551
1990,,0.8,0.24489795918367346
1991,,1.0,1.0
1992,,0.0,0.0
1993,,0.2,0.06716417910447761
1994,,0.4,0.13432835820895522
1995,,0.6,0.20149253731343283
1996,,0.8,0.291044776119403
1997,,1.0,1.0
1998,,0.0,0.0
1999,,0.2,0.02506265664160401
2000,,0.4,0.05012531328320802
2001,,0.6,0.07518796992481203
2002,,0.8,0.11278195488721804
2003,,1.0,1.0
2004,,0.0,0.0
2005,,0.2,0.016778523489932886
2006,,0.4,0.03355704697986577
2007,,0.6,0.050335570469798654
2008,,0.8,0.08389261744966443
2009,,1.0,1.0
2010,,0.0,0.0
2011,,0.2,0.04
2012,,0.4,0.08
2013,,0.6,0.12
2014,,0.8,0.1875
2015,,1.0,1.0
2016,,0.0,0.0
2017,,0.2,0.14583333333333334
2018,,0.4,0.2916666666666667
2019,,0.6,0.4375
2020,,0.8,0.5833333333333334
2021,,1.0,1.0
2022,,0.0,0.0
2023,,0.2,0.10204081632653061
2024,,0.4,0.20408163265306123
2025,,0.6,0.30612244897959184
2026,,0.8,0.40816326530612246
2027,,1.0,1.0
2028,,0.0,0.0
2029,,0.2,0.020134228187919462
2030,,0.4,0.040268456375838924
2031,,0.6,0.06040268456375839
2032,,0.8,0.10738255033557047
2033,,1.0,1.0
2034,,0.0,0.0
2035,,0.2,0.0707070707070707
2036,,0.4,0.1414141414141414
2037,,0.6,0.21212121212121213
2038,,0.8,0.30303030303030304
2039,,1.0,1.0
2040,,0.0,0.0
2041,,0.2,0.06306306306306306
2042,,0.4,0.12612612612612611
2043,,0.6,0.1891891891891892
2044,,0.8,0.36036036036036034
2045,,1.0,1.0
2046,,0.0,0.0
2047,,0.2,0.07216494845360824
2048,,0.4,0.14432989690721648
2049,,0.6,0.21649484536082475
2050,,0.8,0.29896907216494845
2051,,1.0,1.0
2052,,0.0,0.0
2053,,0.2,0.12307692307692308
2054,,0.4,0.24615384615384617
2055,,0.6,0.36923076923076925
2056,,0.8,0.49230769230769234
2057,,1.0,1.0
2058,,0.0,0.0
2059,,0.2,0.08080808080808081
2060,,0.4,0.16161616161616163
2061,,0.6,0.24242424242424243
2062,,0.8,0.36363636363636365
2063,,1.0,1.0
2064,,0.0,0.0
2065,,0.2,0.020689655172413793
2066,,0.4,0.041379310344827586
2067,,0.6,0.06206896551724138
2068,,0.8,0.09655172413793103
2069,,1.0,1.0
2070,,0.0,0.0
2071,,0.2,0.034482758620689655
2072,,0.4,0.06896551724137931
2073,,0.6,0.10344827586206896
2074,,0.8,0.17672413793103448
2075,,1.0,1.0
2076,,0.0,0.0
2077,,0.2,0.08163265306122448
2078,,0.4,0.16326530612244897
2079,,0.6,0.24489795918367346
2080,,0.8,0.32653061224489793
2081,,1.0,1.0
2082,,0.0,0.0
2083,,0.2,0.025252525252525252
2084,,0.4,0.050505050505050504
2085,,0.6,0.07575757575757576
2086,,0.8,0.10101010101010101
2087,,1.0,1.0
2088,,0.0,0.0
2089,,0.2,0.023809523809523808
2090,,0.4,0.047619047619047616
2091,,0.6,0.07142857142857142
2092,,0.8,0.10884353741496598
2093,,1.0,1.0
2094,,0.0,0.0
2095,,0.2,0.02702702702702703
2096,,0.4,0.05405405405405406
2097,,0.6,0.08108108108108109
2098,,0.8,0.12162162162162163
2099,,1.0,1.0
2100,,0.0,0.0
2101,,0.2,0.08080808080808081
2102,,0.4,0.16161616161616163
2103,,0.6,0.24242424242424243
2104,,0.8,0.32323232323232326
2105,,1.0,1.0
2106,,0.0,0.0
2107,,0.2,0.05405405405405406
2108,,0.4,0.10810810810810811
2109,,0.6,0.16216216216216217
2110,,0.8,0.24324324324324326
2111,,1.0,1.0
2112,,0.0,0.0
2113,,0.2,0.09345794392523364
2114,,0.4,0.18691588785046728
2115,,0.6,0.2803738317757009
2116,,0.8,0.37383177570093457
2117,,1.0,1.0
2118,,0.0,0.0
2119,,0.2,0.036585365853658534
2120,,0.4,0.07317073170731707
2121,,0.6,0.10975609756097561
2122,,0.8,0.15447154471544716
2123,,1.0,1.0
2124,,0.0,0.0
2125,,0.2,0.11224489795918367
2126,,0.4,0.22448979591836735
2127,,0.6,0.336734693877551
2128,,0.8,0.4489795918367347
2129,,1.0,1.0
2130,,0.0,0.0
2131,,0.2,0.14285714285714285
2132,,0.4,0.2857142857142857
2133,,0.6,0.42857142857142855
2134,,0.8,0.5714285714285714
2135,,1.0,1.0
2136,,0.0,0.0
2137,,0.2,0.04
2138,,0.4,0.08
2139,,0.6,0.12
2140,,0.8,0.16
2141,,1.0,1.0
2142,,0.0,0.0
2143,,0.2,0.061224489795918366
2144,,0.4,0.12244897959183673
2145,,0.6,0.1836734693877551
2146,,0.8,0.2653061224489796
2147,,1.0,1.0
2148,,0.0,0.0
2149,,0.2,0.03139013452914798
2150,,0.4,0.06278026905829596
2151,,0.6,0.10762331838565023
2152,,0.8,0.19955156950672645
2153,,1.0,1.0
2154,,0.0,0.0
2155,,0.2,0.1
2156,,0.4,0.2
2157,,0.6,0.3
2158,,0.8,0.4
2159,,1.0,1.0
2160,,0.0,0.0
2161,,0.2,0.060810810810810814
2162,,0.4,0.12162162162162163
2163,,0.6,0.18243243243243243
2164,,0.8,0.30743243243243246
2165,,1.0,1.0
2166,,0.0,0.0
2167,,0.2,0.03754266211604096
2168,,0.4,0.07508532423208192
2169,,0.6,0.11262798634812286
2170,,0.8,0.16723549488054607
2171,,1.0,1.0
2172,,0.0,0.0
2173,,0.2,0.018779342723004695
2174,,0.4,0.03755868544600939
2175,,0.6,0.056338028169014086
2176,,0.8,0.08450704225352113
2177,,1.0,1.0
2178,,0.0,0.0
2179,,0.2,0.09278350515463918
2180,,0.4,0.18556701030927836
2181,,0.6,0.27835051546391754
2182,,0.8,0.3711340206185567
2183,,1.0,1.0
2184,,0.0,0.0
2185,,0.2,0.07958477508650519
2186,,0.4,0.15916955017301038
2187,,0.6,0.23875432525951557
2188,,0.8,0.356401384083045
2189,,1.0,1.0
2190,,0.0,0.0
2191,,0.2,0.014056224899598393
2192,,0.4,0.028112449799196786
2193,,0.6,0.04216867469879518
2194,,0.8,0.09036144578313253
2195,,1.0,1.0
2196,,0.0,0.0
2197,,0.2,0.13402061855670103
2198,,0.4,0.26804123711340205
2199,,0.6,0.4020618556701031
2200,,0.8,0.5360824742268041
2201,,1.0,1.0
2202,,0.0,0.0
2203,,0.2,0.07874015748031496
2204,,0.4,0.15748031496062992
2205,,0.6,0.23622047244094488
2206,,0.8,0.3346456692913386
2207,,1.0,1.0
2208,,0.0,0.0
2209,,0.2,0.12244897959183673
2210,,0.4,0.24489795918367346
2211,,0.6,0.3673469387755102
2212,,0.8,0.4897959183673469
2213,,1.0,1.0
2214,,0.0,0.0
2215,,0.2,0.08
2216,,0.4,0.16
2217,,0.6,0.24
2218,,0.8,0.33714285714285713
2219,,1.0,1.0
2220,,0.0,0.0
2221,,0.2,0.02066115702479339
2222,,0.4,0.04132231404958678
2223,,0.6,0.06611570247933884
2224,,0.8,0.13636363636363635
2225,,1.0,1.0
2226,,0.0,0.0
2227,,0.2,0.09876543209876543
2228,,0.4,0.19753086419753085
2229,,0.6,0.2962962962962963
2230,,0.8,0.3950617283950617
2231,,1.0,1.0
2232,,0.0,0.0
2233,,0.2,0.06578947368421052
2234,,0.4,0.13157894736842105
2235,,0.6,0.19736842105263158
2236,,0.8,0.32894736842105265
2237,,1.0,1.0
2238,,0.0,0.0
2239,,0.2,0.08333333333333333
2240,,0.4,0.16666666666666666
2241,,0.6,0.25
2242,,0.8,0.36666666666666664
2243,,1.0,1.0
2244,,0.0,0.0
2245,,0.2,4.733006145713808e-06
2246,,0.4,0.03123763296922602
2247,,0.6,0.2567702093856608
2248,,0.8,0.4823027858020956
2249,,1.0,1.0
2250,,0.0,0.0
2251,,0.2,0.09574468085106383
2252,,0.4,0.19148936170212766
2253,,0.6,0.2872340425531915
2254,,0.8,0.3829787234042553
2255,,1.0,1.0
2256,,0.0,0.0
2257,,0.2,0.056451612903225805
2258,,0.4,0.11290322580645161
2259,,0.6,0.1693548387096774
2260,,0.8,0.22580645161290322
2261,,1.0,1.0
2262,,0.0,0.0
2263,,0.2,0.1134020618556701
2264,,0.4,0.2268041237113402
2265,,0.6,0.3402061855670103
2266,,0.8,0.4536082474226804
2267,,1.0,1.0
2268,,0.0,0.0
2269,,0.2,0.060240963855421686
2270,,0.4,0.12048192771084337
2271,,0.6,0.18072289156626506
2272,,0.8,0.37349397590361444
2273,,1.0,1.0
2274,,0.0,0.0
2275,,0.2,0.01
2276,,0.4,0.02
2277,,0.6,0.03
2278,,0.8,0.045
2279,,1.0,1.0
2280,,0.0,0.0
2281,,0.2,0.0425531914893617
2282,,0.4,0.0851063829787234
2283,,0.6,0.1276595744680851
2284,,0.8,0.18085106382978725
2285,,1.0,1.0
2286,,0.0,0.0
2287,,0.2,0.07746478873239436
2288,,0.4,0.15492957746478872
2289,,0.6,0.2323943661971831
2290,,0.8,0.34507042253521125
2291,,1.0,1.0
2292,,0.0,0.0
2293,,0.2,0.11224489795918367
2294,,0.4,0.22448979591836735
2295,,0.6,0.336734693877551
2296,,0.8,0.5408163265306123
2297,,1.0,1.0
2298,,0.0,0.0
2299,,0.2,0.01529051987767584
2300,,0.4,0.03058103975535168
2301,,0.6,0.045871559633027525
2302,,0.8,0.07339449541284404
2303,,1.0,1.0
2304,,0.0,0.0
2305,,0.2,0.061224489795918366
2306,,0.4,0.12244897959183673
2307,,0.6,0.1836734693877551
2308,,0.8,0.3979591836734694
2309,,1.0,1.0
2310,,0.0,0.0
2311,,0.2,0.08121827411167512
2312,,0.4,0.16243654822335024
2313,,0.6,0.2436548223350254
2314,,0.8,0.3248730964467005
2315,,1.0,1.0
2316,,0.0,0.0
2317,,0.2,0.07142857142857142
2318,,0.4,0.14285714285714285
2319,,0.6,0.21428571428571427
2320,,0.8,0.29591836734693877
2321,,1.0,1.0
2322,,0.0,0.0
2323,,0.2,0.03
2324,,0.4,0.06
2325,,0.6,0.09
2326,,0.8,0.12
2327,,1.0,1.0
2328,,0.0,0.0
2329,,0.2,0.06020066889632107
2330,,0.4,0.12040133779264214
2331,,0.6,0.1806020066889632
2332,,0.8,0.2709030100334448
2333,,1.0,1.0
2334,,0.0,0.0
2335,,0.2,0.0410958904109589
2336,,0.4,0.0821917808219178
2337,,0.6,0.1232876712328767
2338,,0.8,0.1917808219178082
2339,,1.0,1.0
2340,,0.0,0.0
2341,,0.2,0.026490066225165563
2342,,0.4,0.052980132450331126
2343,,0.6,0.07947019867549669
2344,,0.8,0.11258278145695365
2345,,1.0,1.0
2346,,0.0,0.0
2347,,0.2,0.055944055944055944
2348,,0.4,0.11188811188811189
2349,,0.6,0.16783216783216784
2350,,0.8,0.23076923076923078
2351,,1.0,1.0
2352,,0.0,0.0
2353,,0.2,0.07042253521126761
2354,,0.4,0.14084507042253522
2355,,0.6,0.2112676056338028
2356,,0.8,0.2887323943661972
2357,,1.0,1.0
2358,,0.0,0.0
2359,,0.2,0.006012024048096192
2360,,0.4,0.012024048096192385
2361,,0.6,0.018036072144288578
2362,,0.8,0.02404809619238477
2363,,1.0,1.0
2364,,0.0,0.0
2365,,0.2,0.08403361344537816
2366,,0.4,0.16806722689075632
2367,,0.6,0.25210084033613445
2368,,0.8,0.3697478991596639
2369,,1.0,1.0
2370,,0.0,0.0
2371,,0.2,0.13
2372,,0.4,0.26
2373,,0.6,0.39
2374,,0.8,0.53
2375,,1.0,1.0
2376,,0.0,0.0
2377,,0.2,0.016706443914081145
2378,,0.4,0.03341288782816229
2379,,0.6,0.050119331742243436
2380,,0.8,0.07398568019093078
2381,,1.0,1.0
2382,,0.0,0.0
2383,,0.2,0.050505050505050504
2384,,0.4,0.10101010101010101
2385,,0.6,0.16161616161616163
2386,,0.8,0.32323232323232326
2387,,1.0,1.0
2388,,0.0,0.0
2389,,0.2,0.04
2390,,0.4,0.08
2391,,0.6,0.12
2392,,0.8,0.17
2393,,1.0,1.0
2394,,0.0,0.0
2395,,0.2,0.13541666666666666
2396,,0.4,0.2708333333333333
2397,,0.6,0.40625
2398,,0.8,0.5416666666666666
2399,,1.0,1.0
2400,,0.0,0.0
2401,,0.2,0.08333333333333333
2402,,0.4,0.16666666666666666
2403,,0.6,0.25
2404,,0.8,0.3541666666666667
2405,,1.0,1.0
2406,,0.0,0.0
2407,,0.2,0.1693548387096774
2408,,0.4,0.3387096774193548
2409,,0.6,0.5080645161290323
2410,,0.8,0.6774193548387096
2411,,1.0,1.0
2412,,0.0,0.0
2413,,0.2,0.06397306397306397
2414,,0.4,0.12794612794612795
2415,,0.6,0.1919191919191919
2416,,0.8,0.2558922558922559
2417,,1.0,1.0
2418,,0.0,0.0
2419,,0.2,0.04
2420,,0.4,0.08
2421,,0.6,0.12
2422,,0.8,0.17
2423,,1.0,1.0
2424,,0.0,0.0
2425,,0.2,0.03740648379052369
2426,,0.4,0.07481296758104738
2427,,0.6,0.11221945137157108
2428,,0.8,0.1596009975062344
2429,,1.0,1.0
2430,,0.0,0.0
2431,,0.2,0.061224489795918366
2432,,0.4,0.12244897959183673
2433,,0.6,0.1836734693877551
2434,,0.8,0.24489795918367346
2435,,1.0,1.0
2436,,0.0,0.0
2437,,0.2,0.03614457831325301
2438,,0.4,0.07228915662650602
2439,,0.6,0.10843373493975904
2440,,0.8,0.17771084337349397
2441,,1.0,1.0
2442,,0.0,0.0
2443,,0.2,0.1134020618556701
2444,,0.4,0.2268041237113402
2445,,0.6,0.3402061855670103
2446,,0.8,0.4536082474226804
2447,,1.0,1.0
2448,,0.0,0.0
2449,,0.2,0.05102040816326531
2450,,0.4,0.10204081632653061
2451,,0.6,0.15306122448979592
2452,,0.8,0.23469387755102042
2453,,1.0,1.0
2454,,0.0,0.0
2455,,0.2,0.09166666666666666
2456,,0.4,0.18333333333333332
2457,,0.6,0.275
2458,,0.8,0.425
2459,,1.0,1.0
2460,,0.0,0.0
2461,,0.2,0.006012024048096192
2462,,0.4,0.012024048096192385
2463,,0.6,0.018036072144288578
2464,,0.8,0.02404809619238477
2465,,1.0,1.0
2466,,0.0,0.0
2467,,0.2,0.07
2468,,0.4,0.14
2469,,0.6,0.21
2470,,0.8,0.28
2471,,1.0,1.0
2472,,0.0,0.0
2473,,0.2,0.03214285714285714
2474,,0.4,0.06428571428571428
2475,,0.6,0.09642857142857143
2476,,0.8,0.14642857142857144
2477,,1.0,1.0
2478,,0.0,0.0
2479,,0.2,0.10204081632653061
2480,,0.4,0.20408163265306123
2481,,0.6,0.30612244897959184
2482,,0.8,0.42857142857142855
2483,,1.0,1.0
2484,,0.0,0.0
2485,,0.2,0.015
2486,,0.4,0.03
2487,,0.6,0.045
2488,,0.8,0.065
2489,,1.0,1.0
2490,,0.0,0.0
2491,,0.2,0.00954653937947494
2492,,0.4,0.01909307875894988
2493,,0.6,0.028639618138424822
2494,,0.8,0.03818615751789976
2495,,1.0,1.0
2496,,0.0,0.0
2497,,0.2,0.030303030303030304
2498,,0.4,0.06060606060606061
2499,,0.6,0.09090909090909091
2500,,0.8,0.13636363636363635
2501,,1.0,1.0
2502,,0.0,0.0
2503,,0.2,0.10416666666666667
2504,,0.4,0.20833333333333334
2505,,0.6,0.3125
2506,,0.8,0.4375
2507,,1.0,1.0
2508,,0.0,0.0
2509,,0.2,0.10552763819095477
2510,,0.4,0.21105527638190955
2511,,0.6,0.3165829145728643
2512,,0.8,0.4371859296482412
2513,,1.0,1.0
2514,,0.0,0.0
2515,,0.2,0.10185185185185185
2516,,0.4,0.2037037037037037
2517,,0.6,0.3055555555555556
2518,,0.8,0.42592592592592593
2519,,1.0,1.0
2520,,0.0,0.0
2521,,0.2,0.16
2522,,0.4,0.32
2523,,0.6,0.48
2524,,0.8,0.64
2525,,1.0,1.0
2526,,0.0,0.0
2527,,0.2,0.05154639175257732
2528,,0.4,0.10309278350515463
2529,,0.6,0.15463917525773196
2530,,0.8,0.20618556701030927
2531,,1.0,1.0
2532,,0.0,0.0
2533,,0.2,0.06
2534,,0.4,0.12
2535,,0.6,0.18
2536,,0.8,0.27
2537,,1.0,1.0
2538,,0.0,0.0
2539,,0.2,0.02027027027027027
2540,,0.4,0.04054054054054054
2541,,0.6,0.060810810810810814
2542,,0.8,0.0990990990990991
2543,,1.0,1.0
2544,,0.0,0.0
2545,,0.2,0.12345679012345678
2546,,0.4,0.24691358024691357
2547,,0.6,0.37037037037037035
2548,,0.8,0.49382716049382713
2549,,1.0,1.0
2550,,0.0,0.0
2551,,0.2,0.07
2552,,0.4,0.14
2553,,0.6,0.21
2554,,0.8,0.35
2555,,1.0,1.0
2556,,0.0,0.0
2557,,0.2,0.10638297872340426
2558,,0.4,0.2127659574468085
2559,,0.6,0.3191489361702128
2560,,0.8,0.43617021276595747
2561,,1.0,1.0
2562,,0.0,0.0
2563,,0.2,0.09696969696969697
2564,,0.4,0.19393939393939394
2565,,0.6,0.2909090909090909
2566,,0.8,0.41818181818181815
2567,,1.0,1.0
2568,,0.0,0.0
2569,,0.2,0.08391608391608392
2570,,0.4,0.16783216783216784
2571,,0.6,0.2517482517482518
2572,,0.8,0.35664335664335667
2573,,1.0,1.0
2574,,0.0,0.0
2575,,0.2,0.041176470588235294
2576,,0.4,0.08235294117647059
2577,,0.6,0.14705882352941177
2578,,0.8,0.2823529411764706
2579,,1.0,1.0
2580,,0.0,0.0
2581,,0.2,0.046875
2582,,0.4,0.09375
2583,,0.6,0.140625
2584,,0.8,0.19270833333333334
2585,,1.0,1.0
2586,,0.0,0.0
2587,,0.2,0.1111111111111111
2588,,0.4,0.2222222222222222
2589,,0.6,0.3333333333333333
2590,,0.8,0.47474747474747475
2591,,1.0,1.0
2592,,0.0,0.0
2593,,0.2,0.05531914893617021
2594,,0.4,0.11063829787234042
2595,,0.6,0.16595744680851063
2596,,0.8,0.22127659574468084
2597,,1.0,1.0
2598,,0.0,0.0
2599,,0.2,0.02631578947368421
2600,,0.4,0.05263157894736842
2601,,0.6,0.07894736842105263
2602,,0.8,0.1368421052631579
2603,,1.0,1.0
2604,,0.0,0.0
2605,,0.2,0.06306306306306306
2606,,0.4,0.12612612612612611
2607,,0.6,0.1891891891891892
2608,,0.8,0.25225225225225223
2609,,1.0,1.0
2610,,0.0,0.0
2611,,0.2,0.06206896551724138
2612,,0.4,0.12413793103448276
2613,,0.6,0.18620689655172415
2614,,0.8,0.2482758620689655
2615,,1.0,1.0
2616,,0.0,0.0
2617,,0.2,0.061224489795918366
2618,,0.4,0.12244897959183673
2619,,0.6,0.1836734693877551
2620,,0.8,0.2602040816326531
2621,,1.0,1.0
2622,,0.0,0.0
2623,,0.2,0.08256880733944955
2624,,0.4,0.1651376146788991
2625,,0.6,0.24770642201834864
2626,,0.8,0.3761467889908257
2627,,1.0,1.0
2628,,0.0,0.0
2629,,0.2,0.05952380952380952
2630,,0.4,0.11904761904761904
2631,,0.6,0.17857142857142858
2632,,0.8,0.23809523809523808
2633,,1.0,1.0
2634,,0.0,0.0
2635,,0.2,0.035211267605633804
2636,,0.4,0.07042253521126761
2637,,0.6,0.1056338028169014
2638,,0.8,0.14084507042253522
2639,,1.0,1.0
2640,,0.0,0.0
2641,,0.2,0.08163265306122448
2642,,0.4,0.16326530612244897
2643,,0.6,0.24489795918367346
2644,,0.8,0.336734693877551
2645,,1.0,1.0
2646,,0.0,0.0
2647,,0.2,0.06
2648,,0.4,0.12
2649,,0.6,0.18
2650,,0.8,0.3
2651,,1.0,1.0
2652,,0.0,0.0
2653,,0.2,0.09090909090909091
2654,,0.4,0.18181818181818182
2655,,0.6,0.2727272727272727
2656,,0.8,0.40404040404040403
2657,,1.0,1.0
2658,,0.0,0.0
2659,,0.2,0.04
2660,,0.4,0.08
2661,,0.6,0.12
2662,,0.8,0.19
2663,,1.0,1.0
2664,,0.0,0.0
2665,,0.2,0.13793103448275862
2666,,0.4,0.27586206896551724
2667,,0.6,0.41379310344827586
2668,,0.8,0.5517241379310345
2669,,1.0,1.0
2670,,0.0,0.0
2671,,0.2,0.10309278350515463
2672,,0.4,0.20618556701030927
2673,,0.6,0.30927835051546393
2674,,0.8,0.41237113402061853
2675,,1.0,1.0
2676,,0.0,0.0
2677,,0.2,0.022857142857142857
2678,,0.4,0.045714285714285714
2679,,0.6,0.06857142857142857
2680,,0.8,0.12
2681,,1.0,1.0
2682,,0.0,0.0
2683,,0.2,0.09473684210526316
2684,,0.4,0.18947368421052632
2685,,0.6,0.28421052631578947
2686,,0.8,0.37894736842105264
2687,,1.0,1.0
2688,,0.0,0.0
2689,,0.2,0.08205128205128205
2690,,0.4,0.1641025641025641
2691,,0.6,0.24615384615384617
2692,,0.8,0.3282051282051282
2693,,1.0,1.0
2694,,0.0,0.0
2695,,0.2,0.02004008016032064
2696,,0.4,0.04008016032064128
2697,,0.6,0.06012024048096192
2698,,0.8,0.09218436873747494
2699,,1.0,1.0
2700,,0.0,0.0
2701,,0.2,0.09
2702,,0.4,0.18
2703,,0.6,0.27
2704,,0.8,0.4
2705,,1.0,1.0
2706,,0.0,0.0
2707,,0.2,0.08080808080808081
2708,,0.4,0.16161616161616163
2709,,0.6,0.24242424242424243
2710,,0.8,0.3333333333333333
2711,,1.0,1.0
2712,,0.0,0.0
2713,,0.2,0.12121212121212122
2714,,0.4,0.24242424242424243
2715,,0.6,0.36363636363636365
2716,,0.8,0.48484848484848486
2717,,1.0,1.0
2718,,0.0,0.0
2719,,0.2,0.06547619047619048
2720,,0.4,0.13095238095238096
2721,,0.6,0.19642857142857142
2722,,0.8,0.2619047619047619
2723,,1.0,1.0
2724,,0.0,0.0
2725,,0.2,0.05
2726,,0.4,0.1
2727,,0.6,0.15
2728,,0.8,0.2
2729,,1.0,1.0
2730,,0.0,0.0
2731,,0.2,0.02217741935483871
2732,,0.4,0.04435483870967742
2733,,0.6,0.06653225806451613
2734,,0.8,0.0967741935483871
2735,,1.0,1.0
2736,,0.0,0.0
2737,,0.2,0.05825242718446602
2738,,0.4,0.11650485436893204
2739,,0.6,0.17475728155339806
2740,,0.8,0.27184466019417475
2741,,1.0,1.0
2742,,0.0,0.0
2743,,0.2,0.09
2744,,0.4,0.18
2745,,0.6,0.27
2746,,0.8,0.36
2747,,1.0,1.0
2748,,0.0,0.0
2749,,0.2,0.0707070707070707
2750,,0.4,0.1414141414141414
2751,,0.6,0.21212121212121213
2752,,0.8,0.30303030303030304
2753,,1.0,1.0
2754,,0.0,0.0
2755,,0.2,0.08
2756,,0.4,0.16
2757,,0.6,0.24
2758,,0.8,0.36
2759,,1.0,1.0
2760,,0.0,0.0
2761,,0.2,0.14
2762,,0.4,0.28
2763,,0.6,0.42
2764,,0.8,0.56
2765,,1.0,1.0
2766,,0.0,0.0
2767,,0.2,0.10101010101010101
2768,,0.4,0.20202020202020202
2769,,0.6,0.30303030303030304
2770,,0.8,0.40404040404040403
2771,,1.0,1.0
2772,,0.0,0.0
2773,,0.2,0.01606425702811245
2774,,0.4,0.0321285140562249
2775,,0.6,0.04819277108433735
2776,,0.8,0.06827309236947791
2777,,1.0,1.0
2778,,0.0,0.0
2779,,0.2,0.1111111111111111
2780,,0.4,0.2222222222222222
2781,,0.6,0.3333333333333333
2782,,0.8,0.4444444444444444
2783,,1.0,1.0
2784,,0.0,0.0
2785,,0.2,0.061224489795918366
2786,,0.4,0.12244897959183673
2787,,0.6,0.1836734693877551
2788,,0.8,0.2653061224489796
2789,,1.0,1.0
2790,,0.0,0.0
2791,,0.2,0.09595959595959595
2792,,0.4,0.1919191919191919
2793,,0.6,0.2878787878787879
2794,,0.8,0.3838383838383838
2795,,1.0,1.0
2796,,0.0,0.0
2797,,0.2,0.0707070707070707
2798,,0.4,0.1414141414141414
2799,,0.6,0.21212121212121213
2800,,0.8,0.3434343434343434
2801,,1.0,1.0
2802,,0.0,0.0
2803,,0.2,0.16666666666666666
2804,,0.4,0.3333333333333333
2805,,0.6,0.5
2806,,0.8,0.6666666666666666
2807,,1.0,1.0
2808,,0.0,0.0
2809,,0.2,0.16666666666666666
2810,,0.4,0.3333333333333333
2811,,0.6,0.5
2812,,0.8,0.7083333333333334
2813,,1.0,1.0
2814,,0.0,0.0
2815,,0.2,0.16666666666666666
2816,,0.4,0.3333333333333333
2817,,0.6,0.5
2818,,0.8,0.6666666666666666
2819,,1.0,1.0
2820,,0.0,0.0
2821,,0.2,0.07446808510638298
2822,,0.4,0.14893617021276595
2823,,0.6,0.22340425531914893
2824,,0.8,0.2978723404255319
2825,,1.0,1.0
2826,,0.0,0.0
2827,,0.2,0.028
2828,,0.4,0.056
2829,,0.6,0.084
2830,,0.8,0.138
2831,,1.0,1.0
2832,,0.0,0.0
2833,,0.2,0.02710843373493976
2834,,0.4,0.05421686746987952
2835,,0.6,0.08132530120481928
2836,,0.8,0.12951807228915663
2837,,1.0,1.0
2838,,0.0,0.0
2839,,0.2,0.006012024048096192
2840,,0.4,0.012024048096192385
2841,,0.6,0.018036072144288578
2842,,0.8,0.02404809619238477
2843,,1.0,1.0
2844,,0.0,0.0
2845,,0.2,0.08040201005025126
2846,,0.4,0.16080402010050251
2847,,0.6,0.24120603015075376
2848,,0.8,0.3316582914572864
2849,,1.0,1.0
2850,,0.0,0.0
2851,,0.2,0.08
2852,,0.4,0.16
2853,,0.6,0.24
2854,,0.8,0.34
2855,,1.0,1.0
2856,,0.0,0.0
2857,,0.2,0.13793103448275862
2858,,0.4,0.27586206896551724
2859,,0.6,0.41379310344827586
2860,,0.8,0.5517241379310345
2861,,1.0,1.0
2862,,0.0,0.0
2863,,0.2,0.02348993288590604
2864,,0.4,0.04697986577181208
2865,,0.6,0.07046979865771812
2866,,0.8,0.10067114093959731
2867,,1.0,1.0
2868,,0.0,0.0
2869,,0.2,0.02459016393442623
2870,,0.4,0.04918032786885246
2871,,0.6,0.07377049180327869
2872,,0.8,0.11475409836065574
2873,,1.0,1.0
2874,,0.0,0.0
2875,,0.2,0.07216494845360824
2876,,0.4,0.14432989690721648
2877,,0.6,0.21649484536082475
2878,,0.8,0.30927835051546393
2879,,1.0,1.0
2880,,0.0,0.0
2881,,0.2,0.13125
2882,,0.4,0.2625
2883,,0.6,0.39375
2884,,0.8,0.5625
2885,,1.0,1.0
2886,,0.0,0.0
2887,,0.2,0.12080536912751678
2888,,0.4,0.24161073825503357
2889,,0.6,0.40268456375838924
2890,,0.8,0.6442953020134228
2891,,1.0,1.0
2892,,0.0,0.0
2893,,0.2,0.06060606060606061
2894,,0.4,0.12121212121212122
2895,,0.6,0.18181818181818182
2896,,0.8,0.24242424242424243
2897,,1.0,1.0
2898,,0.0,0.0
2899,,0.2,0.1134020618556701
2900,,0.4,0.2268041237113402
2901,,0.6,0.3402061855670103
2902,,0.8,0.4536082474226804
2903,,1.0,1.0
2904,,0.0,0.0
2905,,0.2,0.11224489795918367
2906,,0.4,0.22448979591836735
2907,,0.6,0.336734693877551
2908,,0.8,0.4489795918367347
2909,,1.0,1.0
2910,,0.0,0.0
2911,,0.2,0.16666666666666666
2912,,0.4,0.3333333333333333
2913,,0.6,0.5
2914,,0.8,0.6666666666666666
2915,,1.0,1.0
2916,,0.0,0.0
2917,,0.2,0.07627118644067797
2918,,0.4,0.15254237288135594
2919,,0.6,0.2288135593220339
2920,,0.8,0.4152542372881356
2921,,1.0,1.0
2922,,0.0,0.0
2923,,0.2,0.024193548387096774
2924,,0.4,0.04838709677419355
2925,,0.6,0.07459677419354839
2926,,0.8,0.15120967741935484
2927,,1.0,1.0
2928,,0.0,0.0
2929,,0.2,0.0851063829787234
2930,,0.4,0.1702127659574468
2931,,0.6,0.2553191489361702
2932,,0.8,0.4148936170212766
2933,,1.0,1.0
2934,,0.0,0.0
2935,,0.2,0.08
2936,,0.4,0.16
2937,,0.6,0.24
2938,,0.8,0.37
2939,,1.0,1.0
2940,,0.0,0.0
2941,,0.2,0.06521739130434782
2942,,0.4,0.13043478260869565
2943,,0.6,0.1956521739130435
2944,,0.8,0.33043478260869563
2945,,1.0,1.0
2946,,0.0,0.0
2947,,0.2,0.046153846153846156
2948,,0.4,0.09230769230769231
2949,,0.6,0.13846153846153847
2950,,0.8,0.20512820512820512
2951,,1.0,1.0
2952,,0.0,0.0
2953,,0.2,0.06060606060606061
2954,,0.4,0.12121212121212122
2955,,0.6,0.18181818181818182
2956,,0.8,0.24242424242424243
2957,,1.0,1.0
2958,,0.0,0.0
2959,,0.2,0.03167420814479638
2960,,0.4,0.06334841628959276
2961,,0.6,0.09502262443438914
2962,,0.8,0.14027149321266968
2963,,1.0,1.0
2964,,0.0,0.0
2965,,0.2,0.05785123966942149
2966,,0.4,0.11570247933884298
2967,,0.6,0.17355371900826447
2968,,0.8,0.2396694214876033
2969,,1.0,1.0
2970,,0.0,0.0
2971,,0.2,0.05389221556886228
2972,,0.4,0.10778443113772455
2973,,0.6,0.16167664670658682
2974,,0.8,0.2275449101796407
2975,,1.0,1.0
2976,,0.0,0.0
2977,,0.2,0.1326530612244898
2978,,0.4,0.2653061224489796
2979,,0.6,0.3979591836734694
2980,,0.8,0.5306122448979592
2981,,1.0,1.0
2982,,0.0,0.0
2983,,0.2,0.08823529411764706
2984,,0.4,0.17647058823529413
2985,,0.6,0.2647058823529412
2986,,0.8,0.35294117647058826
2987,,1.0,1.0
2988,,0.0,0.0
2989,,0.2,0.07291666666666667
2990,,0.4,0.14583333333333334
2991,,0.6,0.21875
2992,,0.8,0.3645833333333333
2993,,1.0,1.0
2994,,0.0,0.0
2995,,0.2,0.11458333333333333
2996,,0.4,0.22916666666666666
2997,,0.6,0.34375
2998,,0.8,0.4583333333333333
2999,,1.0,1.0
3000,,0.0,0.0
3001,,0.2,0.04
3002,,0.4,0.08
3003,,0.6,0.12
3004,,0.8,0.2
3005,,1.0,1.0
3006,,0.0,0.0
3007,,0.2,0.1
3008,,0.4,0.2
3009,,0.6,0.3
3010,,0.8,0.44
3011,,1.0,1.0
3012,,0.0,0.0
3013,,0.2,0.08031088082901554
3014,,0.4,0.16062176165803108
3015,,0.6,0.24093264248704663
3016,,0.8,0.33419689119170987
3017,,1.0,1.0
3018,,0.0,0.0
3019,,0.2,0.04568527918781726
3020,,0.4,0.09137055837563451
3021,,0.6,0.13705583756345177
3022,,0.8,0.19289340101522842
3023,,1.0,1.0
3024,,0.0,0.0
3025,,0.2,0.06060606060606061
3026,,0.4,0.12121212121212122
3027,,0.6,0.18181818181818182
3028,,0.8,0.30303030303030304
3029,,1.0,1.0
3030,,0.0,0.0
3031,,0.2,0.08181818181818182
3032,,0.4,0.16363636363636364
3033,,0.6,0.24545454545454545
3034,,0.8,0.36363636363636365
3035,,1.0,1.0
3036,,0.0,0.0
3037,,0.2,0.08080808080808081
3038,,0.4,0.16161616161616163
3039,,0.6,0.24242424242424243
3040,,0.8,0.32323232323232326
3041,,1.0,1.0
3042,,0.0,0.0
3043,,0.2,0.01507537688442211
3044,,0.4,0.03015075376884422
3045,,0.6,0.05025125628140704
3046,,0.8,0.09547738693467336
3047,,1.0,1.0
3048,,0.0,0.0
3049,,0.2,0.03314917127071823
3050,,0.4,0.06629834254143646
3051,,0.6,0.09944751381215469
3052,,0.8,0.1712707182320442
3053,,1.0,1.0
3054,,0.0,0.0
3055,,0.2,0.047619047619047616
3056,,0.4,0.09523809523809523
3057,,0.6,0.14285714285714285
3058,,0.8,0.2275132275132275
3059,,1.0,1.0
3060,,0.0,0.0
3061,,0.2,0.0449438202247191
3062,,0.4,0.0898876404494382
3063,,0.6,0.1348314606741573
3064,,0.8,0.1797752808988764
3065,,1.0,1.0
3066,,0.0,0.0
3067,,0.2,0.0625
3068,,0.4,0.125
3069,,0.6,0.1875
3070,,0.8,0.2708333333333333
3071,,1.0,1.0
3072,,0.0,0.0
3073,,0.2,0.02702702702702703
3074,,0.4,0.05405405405405406
3075,,0.6,0.08108108108108109
3076,,0.8,0.13513513513513514
3077,,1.0,1.0
3078,,0.0,0.0
3079,,0.2,0.10204081632653061
3080,,0.4,0.20408163265306123
3081,,0.6,0.30612244897959184
3082,,0.8,0.40816326530612246
3083,,1.0,1.0
3084,,0.0,0.0
3085,,0.2,0.03954802259887006
3086,,0.4,0.07909604519774012
3087,,0.6,0.11864406779661017
3088,,0.8,0.15819209039548024
3089,,1.0,1.0
3090,,0.0,0.0
3091,,0.2,0.05
3092,,0.4,0.1
3093,,0.6,0.15
3094,,0.8,0.21
3095,,1.0,1.0
3096,,0.0,0.0
3097,,0.2,0.08256880733944955
3098,,0.4,0.1651376146788991
3099,,0.6,0.24770642201834864
3100,,0.8,0.3486238532110092
3101,,1.0,1.0
3102,,0.0,0.0
3103,,0.2,0.022222222222222223
3104,,0.4,0.044444444444444446
3105,,0.6,0.06666666666666667
3106,,0.8,0.09523809523809523
3107,,1.0,1.0
3108,,0.0,0.0
3109,,0.2,0.09433962264150944
3110,,0.4,0.18867924528301888
3111,,0.6,0.2830188679245283
3112,,0.8,0.389937106918239
3113,,1.0,1.0
3114,,0.0,0.0
3115,,0.2,0.12380952380952381
3116,,0.4,0.24761904761904763
3117,,0.6,0.37142857142857144
3118,,0.8,0.49523809523809526
3119,,1.0,1.0
3120,,0.0,0.0
3121,,0.2,0.12121212121212122
3122,,0.4,0.24242424242424243
3123,,0.6,0.36363636363636365
3124,,0.8,0.5050505050505051
3125,,1.0,1.0
3126,,0.0,0.0
3127,,0.2,0.10050251256281408
3128,,0.4,0.20100502512562815
3129,,0.6,0.3015075376884422
3130,,0.8,0.507537688442211
3131,,1.0,1.0
3132,,0.0,0.0
3133,,0.2,0.10465116279069768
3134,,0.4,0.20930232558139536
3135,,0.6,0.313953488372093
3136,,0.8,0.47674418604651164
3137,,1.0,1.0
3138,,0.0,0.0
3139,,0.2,0.07920792079207921
3140,,0.4,0.15841584158415842
3141,,0.6,0.2376237623762376
3142,,0.8,0.31683168316831684
3143,,1.0,1.0
3144,,0.0,0.0
3145,,0.2,0.06
3146,,0.4,0.12
3147,,0.6,0.18
3148,,0.8,0.24
3149,,1.0,1.0
3150,,0.0,0.0
3151,,0.2,0.12359550561797752
3152,,0.4,0.24719101123595505
3153,,0.6,0.3707865168539326
3154,,0.8,0.4943820224719101
3155,,1.0,1.0
3156,,0.0,0.0
3157,,0.2,0.03015075376884422
3158,,0.4,0.06030150753768844
3159,,0.6,0.09045226130653267
3160,,0.8,0.12060301507537688
3161,,1.0,1.0
3162,,0.0,0.0
3163,,0.2,0.07608695652173914
3164,,0.4,0.15217391304347827
3165,,0.6,0.22826086956521738
3166,,0.8,0.30434782608695654
3167,,1.0,1.0
3168,,0.0,0.0
3169,,0.2,0.04666666666666667
3170,,0.4,0.09333333333333334
3171,,0.6,0.14
3172,,0.8,0.21333333333333335
3173,,1.0,1.0
3174,,0.0,0.0
3175,,0.2,0.1774193548387097
3176,,0.4,0.3548387096774194
3177,,0.6,0.532258064516129
3178,,0.8,0.7096774193548387
3179,,1.0,1.0
3180,,0.0,0.0
3181,,0.2,0.05454545454545454
3182,,0.4,0.10909090909090909
3183,,0.6,0.16363636363636364
3184,,0.8,0.3
3185,,1.0,1.0
3186,,0.0,0.0
3187,,0.2,0.08771929824561403
3188,,0.4,0.17543859649122806
3189,,0.6,0.2631578947368421
3190,,0.8,0.40350877192982454
3191,,1.0,1.0
3192,,0.0,0.0
3193,,0.2,0.1134020618556701
3194,,0.4,0.2268041237113402
3195,,0.6,0.3402061855670103
3196,,0.8,0.5154639175257731
3197,,1.0,1.0
3198,,0.0,0.0
3199,,0.2,0.08163265306122448
3200,,0.4,0.16326530612244897
3201,,0.6,0.24489795918367346
3202,,0.8,0.3673469387755102
3203,,1.0,1.0
3204,,0.0,0.0
3205,,0.2,0.05
3206,,0.4,0.1
3207,,0.6,0.17
3208,,0.8,0.32
3209,,1.0,1.0
3210,,0.0,0.0
3211,,0.2,0.05185185185185185
3212,,0.4,0.1037037037037037
3213,,0.6,0.15555555555555556
3214,,0.8,0.2074074074074074
3215,,1.0,1.0
3216,,0.0,0.0
3217,,0.2,0.04096385542168675
3218,,0.4,0.0819277108433735
3219,,0.6,0.12289156626506025
3220,,0.8,0.17590361445783131
3221,,1.0,1.0
3222,,0.0,0.0
3223,,0.2,0.0707070707070707
3224,,0.4,0.1414141414141414
3225,,0.6,0.21212121212121213
3226,,0.8,0.29292929292929293
3227,,1.0,1.0
3228,,0.0,0.0
3229,,0.2,0.17886178861788618
3230,,0.4,0.35772357723577236
3231,,0.6,0.5365853658536586
3232,,0.8,0.7154471544715447
3233,,1.0,1.0
3234,,0.0,0.0
3235,,0.2,0.05333333333333334
3236,,0.4,0.10666666666666667
3237,,0.6,0.16
3238,,0.8,0.21333333333333335
3239,,1.0,1.0
3240,,0.0,0.0
3241,,0.2,0.09090909090909091
3242,,0.4,0.18181818181818182
3243,,0.6,0.2727272727272727
3244,,0.8,0.37373737373737376
3245,,1.0,1.0
3246,,0.0,0.0
3247,,0.2,0.08
3248,,0.4,0.16
3249,,0.6,0.24
3250,,0.8,0.34
3251,,1.0,1.0
3252,,0.0,0.0
3253,,0.2,0.05102040816326531
3254,,0.4,0.10204081632653061
3255,,0.6,0.15306122448979592
3256,,0.8,0.21428571428571427
3257,,1.0,1.0
3258,,0.0,0.0
3259,,0.2,0.020080321285140562
3260,,0.4,0.040160642570281124
3261,,0.6,0.060240963855421686
3262,,0.8,0.0963855421686747
3263,,1.0,1.0
3264,,0.0,0.0
3265,,0.2,0.05454545454545454
3266,,0.4,0.10909090909090909
3267,,0.6,0.16363636363636364
3268,,0.8,0.36363636363636365
3269,,1.0,1.0
3270,,0.0,0.0
3271,,0.2,0.1320754716981132
3272,,0.4,0.2641509433962264
3273,,0.6,0.39622641509433965
3274,,0.8,0.5283018867924528
3275,,1.0,1.0
3276,,0.0,0.0
3277,,0.2,0.07272727272727272
3278,,0.4,0.14545454545454545
3279,,0.6,0.21818181818181817
3280,,0.8,0.33636363636363636
3281,,1.0,1.0
3282,,0.0,0.0
3283,,0.2,0.06756756756756757
3284,,0.4,0.13513513513513514
3285,,0.6,0.20270270270270271
3286,,0.8,0.28378378378378377
3287,,1.0,1.0
3288,,0.0,0.0
3289,,0.2,0.09
3290,,0.4,0.18
3291,,0.6,0.27
3292,,0.8,0.37
3293,,1.0,1.0
3294,,0.0,0.0
3295,,0.2,0.06060606060606061
3296,,0.4,0.12121212121212122
3297,,0.6,0.18181818181818182
3298,,0.8,0.24242424242424243
3299,,1.0,1.0
3300,,0.0,0.0
3301,,0.2,0.10309278350515463
3302,,0.4,0.20618556701030927
3303,,0.6,0.30927835051546393
3304,,0.8,0.41237113402061853
3305,,1.0,1.0
3306,,0.0,0.0
3307,,0.2,0.1
3308,,0.4,0.2
3309,,0.6,0.3
3310,,0.8,0.42
3311,,1.0,1.0
3312,,0.0,0.0
3313,,0.2,0.020202020202020204
3314,,0.4,0.04040404040404041
3315,,0.6,0.06060606060606061
3316,,0.8,0.08080808080808081
3317,,1.0,1.0
3318,,0.0,0.0
3319,,0.2,0.061224489795918366
3320,,0.4,0.12244897959183673
3321,,0.6,0.1836734693877551
3322,,0.8,0.2653061224489796
3323,,1.0,1.0
3324,,0.0,0.0
3325,,0.2,0.0196078431372549
3326,,0.4,0.0392156862745098
3327,,0.6,0.058823529411764705
3328,,0.8,0.2679738562091503
3329,,1.0,1.0
3330,,0.0,0.0
3331,,0.2,0.011904761904761904
3332,,0.4,0.023809523809523808
3333,,0.6,0.03571428571428571
3334,,0.8,0.047619047619047616
3335,,1.0,1.0
3336,,0.0,0.0
3337,,0.2,0.04807692307692308
3338,,0.4,0.09615384615384616
3339,,0.6,0.14423076923076922
3340,,0.8,0.23317307692307693
3341,,1.0,1.0
3342,,0.0,0.0
3343,,0.2,0.06981981981981981
3344,,0.4,0.13963963963963963
3345,,0.6,0.20945945945945946
3346,,0.8,0.3153153153153153
3347,,1.0,1.0
3348,,0.0,0.0
3349,,0.2,0.06
3350,,0.4,0.12
3351,,0.6,0.18
3352,,0.8,0.28
3353,,1.0,1.0
3354,,0.0,0.0
3355,,0.2,0.050505050505050504
3356,,0.4,0.10101010101010101
3357,,0.6,0.15151515151515152
3358,,0.8,0.25252525252525254
3359,,1.0,1.0
3360,,0.0,0.0
3361,,0.2,0.08163265306122448
3362,,0.4,0.16326530612244897
3363,,0.6,0.24489795918367346
3364,,0.8,0.3673469387755102
3365,,1.0,1.0
3366,,0.0,0.0
3367,,0.2,0.064
3368,,0.4,0.128
3369,,0.6,0.192
3370,,0.8,0.264
3371,,1.0,1.0
3372,,0.0,0.0
3373,,0.2,0.07368421052631578
3374,,0.4,0.14736842105263157
3375,,0.6,0.22105263157894736
3376,,0.8,0.35789473684210527
3377,,1.0,1.0
3378,,0.0,0.0
3379,,0.2,0.024096385542168676
3380,,0.4,0.04819277108433735
3381,,0.6,0.07228915662650602
3382,,0.8,0.0963855421686747
3383,,1.0,1.0
3384,,0.0,0.0
3385,,0.2,0.06060606060606061
3386,,0.4,0.12121212121212122
3387,,0.6,0.18181818181818182
3388,,0.8,0.24242424242424243
3389,,1.0,1.0
3390,,0.0,0.0
3391,,0.2,0.11224489795918367
3392,,0.4,0.22448979591836735
3393,,0.6,0.336734693877551
3394,,0.8,0.47959183673469385
3395,,1.0,1.0
3396,,0.0,0.0
3397,,0.2,0.14285714285714285
3398,,0.4,0.2857142857142857
3399,,0.6,0.42857142857142855
3400,,0.8,0.5714285714285714
3401,,1.0,1.0
3402,,0.0,0.0
3403,,0.2,0.053763440860215055
3404,,0.4,0.10752688172043011
3405,,0.6,0.16129032258064516
3406,,0.8,0.21505376344086022
3407,,1.0,1.0
3408,,0.0,0.0
3409,,0.2,0.030303030303030304
3410,,0.4,0.06060606060606061
3411,,0.6,0.09090909090909091
3412,,0.8,0.13333333333333333
3413,,1.0,1.0
3414,,0.0,0.0
3415,,0.2,0.026634382566585957
3416,,0.4,0.053268765133171914
3417,,0.6,0.07990314769975787
3418,,0.8,0.11864406779661017
3419,,1.0,1.0
3420,,0.0,0.0
3421,,0.2,0.09903381642512077
3422,,0.4,0.19806763285024154
3423,,0.6,0.2971014492753623
3424,,0.8,0.3961352657004831
3425,,1.0,1.0
3426,,0.0,0.0
3427,,0.2,0.047619047619047616
3428,,0.4,0.09523809523809523
3429,,0.6,0.14285714285714285
3430,,0.8,0.19727891156462585
3431,,1.0,1.0
3432,,0.0,0.0
3433,,0.2,0.07333333333333333
3434,,0.4,0.14666666666666667
3435,,0.6,0.22
3436,,0.8,0.29333333333333333
3437,,1.0,1.0
3438,,0.0,0.0
3439,,0.2,0.061224489795918366
3440,,0.4,0.12244897959183673
3441,,0.6,0.1836734693877551
3442,,0.8,0.2755102040816326
3443,,1.0,1.0
3444,,0.0,0.0
3445,,0.2,0.08247422680412371
3446,,0.4,0.16494845360824742
3447,,0.6,0.24742268041237114
3448,,0.8,0.32989690721649484
3449,,1.0,1.0
3450,,0.0,0.0
3451,,0.2,0.06060606060606061
3452,,0.4,0.12121212121212122
3453,,0.6,0.18181818181818182
3454,,0.8,0.24242424242424243
3455,,1.0,1.0
3456,,0.0,0.0
3457,,0.2,0.042105263157894736
3458,,0.4,0.08421052631578947
3459,,0.6,0.12631578947368421
3460,,0.8,0.2
3461,,1.0,1.0
3462,,0.0,0.0
3463,,0.2,0.09803921568627451
3464,,0.4,0.19607843137254902
3465,,0.6,0.3006535947712418
3466,,0.8,0.5294117647058824
3467,,1.0,1.0
3468,,0.0,0.0
3469,,0.2,0.2
3470,,0.4,0.4
3471,,0.6,0.6
3472,,0.8,0.8
3473,,1.0,1.0
3474,,0.0,0.0
3475,,0.2,0.06196581196581197
3476,,0.4,0.12393162393162394
3477,,0.6,0.1858974358974359
3478,,0.8,0.2692307692307692
3479,,1.0,1.0
3480,,0.0,0.0
3481,,0.2,0.05113636363636364
3482,,0.4,0.10227272727272728
3483,,0.6,0.1534090909090909
3484,,0.8,0.20454545454545456
3485,,1.0,1.0
3486,,0.0,0.0
3487,,0.2,0.036036036036036036
3488,,0.4,0.07207207207207207
3489,,0.6,0.10810810810810811
3490,,0.8,0.14414414414414414
3491,,1.0,1.0
3492,,0.0,0.0
3493,,0.2,0.037037037037037035
3494,,0.4,0.07407407407407407
3495,,0.6,0.1111111111111111
3496,,0.8,0.14814814814814814
3497,,1.0,1.0
3498,,0.0,0.0
3499,,0.2,0.13559322033898305
3500,,0.4,0.2711864406779661
3501,,0.6,0.4067796610169492
3502,,0.8,0.5423728813559322
3503,,1.0,1.0
3504,,0.0,0.0
3505,,0.2,0.028409090909090908
3506,,0.4,0.056818181818181816
3507,,0.6,0.08522727272727272
3508,,0.8,0.16477272727272727
3509,,1.0,1.0
3510,,0.0,0.0
3511,,0.2,0.1037344398340249
3512,,0.4,0.2074688796680498
3513,,0.6,0.3112033195020747
3514,,0.8,0.4149377593360996
3515,,1.0,1.0
3516,,0.0,0.0
3517,,0.2,0.05263157894736842
3518,,0.4,0.10526315789473684
3519,,0.6,0.15789473684210525
3520,,0.8,0.23157894736842105
3521,,1.0,1.0
3522,,0.0,0.0
3523,,0.2,0.03333333333333333
3524,,0.4,0.06666666666666667
3525,,0.6,0.1
3526,,0.8,0.15
3527,,1.0,1.0
3528,,0.0,0.0
3529,,0.2,0.04804804804804805
3530,,0.4,0.0960960960960961
3531,,0.6,0.14414414414414414
3532,,0.8,0.2012012012012012
3533,,1.0,1.0
3534,,0.0,0.0
3535,,0.2,0.02
3536,,0.4,0.04
3537,,0.6,0.06
3538,,0.8,0.09
3539,,1.0,1.0
3540,,0.0,0.0
3541,,0.2,0.061855670103092786
3542,,0.4,0.12371134020618557
3543,,0.6,0.21649484536082475
3544,,0.8,0.38144329896907214
3545,,1.0,1.0
3546,,0.0,0.0
3547,,0.2,0.11458333333333333
3548,,0.4,0.22916666666666666
3549,,0.6,0.34375
3550,,0.8,0.4791666666666667
3551,,1.0,1.0
3552,,0.0,0.0
3553,,0.2,0.12244897959183673
3554,,0.4,0.24489795918367346
3555,,0.6,0.3673469387755102
3556,,0.8,0.6326530612244898
3557,,1.0,1.0
3558,,0.0,0.0
3559,,0.2,0.061224489795918366
3560,,0.4,0.12244897959183673
3561,,0.6,0.1836734693877551
3562,,0.8,0.2653061224489796
3563,,1.0,1.0
3564,,0.0,0.0
3565,,0.2,0.14018691588785046
3566,,0.4,0.2803738317757009
3567,,0.6,0.4205607476635514
3568,,0.8,0.5607476635514018
3569,,1.0,1.0
3570,,0.0,0.0
3571,,0.2,0.06060606060606061
3572,,0.4,0.12121212121212122
3573,,0.6,0.18181818181818182
3574,,0.8,0.24242424242424243
3575,,1.0,1.0
3576,,0.0,0.0
3577,,0.2,0.061224489795918366
3578,,0.4,0.12244897959183673
3579,,0.6,0.1836734693877551
3580,,0.8,0.37755102040816324
3581,,1.0,1.0
3582,,0.0,0.0
3583,,0.2,0.03125
3584,,0.4,0.0625
3585,,0.6,0.09375
3586,,0.8,0.125
3587,,1.0,1.0
3588,,0.0,0.0
3589,,0.2,0.032
3590,,0.4,0.064
3591,,0.6,0.096
3592,,0.8,0.132
3593,,1.0,1.0
3594,,0.0,0.0
3595,,0.2,0.12371134020618557
3596,,0.4,0.24742268041237114
3597,,0.6,0.3711340206185567
3598,,0.8,0.4948453608247423
3599,,1.0,1.0
3600,,0.0,0.0
3601,,0.2,0.12121212121212122
3602,,0.4,0.24242424242424243
3603,,0.6,0.36363636363636365
3604,,0.8,0.5050505050505051
3605,,1.0,1.0
3606,,0.0,0.0
3607,,0.2,0.03389830508474576
3608,,0.4,0.06779661016949153
3609,,0.6,0.10734463276836158
3610,,0.8,0.1807909604519774
3611,,1.0,1.0
3612,,0.0,0.0
3613,,0.2,0.018036072144288578
3614,,0.4,0.036072144288577156
3615,,0.6,0.05811623246492986
3616,,0.8,0.13226452905811623
3617,,1.0,1.0
3618,,0.0,0.0
3619,,0.2,1.9656460252199727e-09
3620,,0.4,3.931292050439945e-09
3621,,0.6,5.8969380756599176e-09
3622,,0.8,0.0011907884655333136
3623,,1.0,1.0
3624,,0.0,0.0
3625,,0.2,0.05102040816326531
3626,,0.4,0.10204081632653061
3627,,0.6,0.15306122448979592
3628,,0.8,0.20408163265306123
3629,,1.0,1.0
3630,,0.0,0.0
3631,,0.2,0.020202020202020204
3632,,0.4,0.04040404040404041
3633,,0.6,0.06060606060606061
3634,,0.8,0.08080808080808081
3635,,1.0,1.0
3636,,0.0,0.0
3637,,0.2,0.11
3638,,0.4,0.22
3639,,0.6,0.33
3640,,0.8,0.52
3641,,1.0,1.0
3642,,0.0,0.0
3643,,0.2,0.05154639175257732
3644,,0.4,0.10309278350515463
3645,,0.6,0.15463917525773196
3646,,0.8,0.20618556701030927
3647,,1.0,1.0
3648,,0.0,0.0
3649,,0.2,0.08181818181818182
3650,,0.4,0.16363636363636364
3651,,0.6,0.24545454545454545
3652,,0.8,0.33636363636363636
3653,,1.0,1.0
3654,,0.0,0.0
3655,,0.2,0.07692307692307693
3656,,0.4,0.15384615384615385
3657,,0.6,0.23076923076923078
3658,,0.8,0.3153846153846154
3659,,1.0,1.0
3660,,0.0,0.0
3661,,0.2,0.0707070707070707
3662,,0.4,0.1414141414141414
3663,,0.6,0.21212121212121213
3664,,0.8,0.2828282828282828
3665,,1.0,1.0
3666,,0.0,0.0
3667,,0.2,0.03787878787878788
3668,,0.4,0.07575757575757576
3669,,0.6,0.11363636363636363
3670,,0.8,0.17424242424242425
3671,,1.0,1.0
3672,,0.0,0.0
3673,,0.2,0.06
3674,,0.4,0.12
3675,,0.6,0.18
3676,,0.8,0.24
3677,,1.0,1.0
3678,,0.0,0.0
3679,,0.2,0.052083333333333336
3680,,0.4,0.10416666666666667
3681,,0.6,0.15625
3682,,0.8,0.21875
3683,,1.0,1.0
3684,,0.0,0.0
3685,,0.2,0.16666666666666666
3686,,0.4,0.3333333333333333
3687,,0.6,0.5
3688,,0.8,0.75
3689,,1.0,1.0
3690,,0.0,0.0
3691,,0.2,0.07291666666666667
3692,,0.4,0.14583333333333334
3693,,0.6,0.21875
3694,,0.8,0.2916666666666667
3695,,1.0,1.0
3696,,0.0,0.0
3697,,0.2,0.052083333333333336
3698,,0.4,0.10416666666666667
3699,,0.6,0.15625
3700,,0.8,0.23958333333333334
3701,,1.0,1.0
3702,,0.0,0.0
3703,,0.2,0.13402061855670103
3704,,0.4,0.26804123711340205
3705,,0.6,0.4020618556701031
3706,,0.8,0.5360824742268041
3707,,1.0,1.0
3708,,0.0,0.0
3709,,0.2,0.052083333333333336
3710,,0.4,0.10416666666666667
3711,,0.6,0.15625
3712,,0.8,0.2604166666666667
3713,,1.0,1.0
3714,,0.0,0.0
3715,,0.2,0.047619047619047616
3716,,0.4,0.09523809523809523
3717,,0.6,0.14285714285714285
3718,,0.8,0.21768707482993196
3719,,1.0,1.0
3720,,0.0,0.0
3721,,0.2,0.10344827586206896
3722,,0.4,0.20689655172413793
3723,,0.6,0.3103448275862069
3724,,0.8,0.45689655172413796
3725,,1.0,1.0
3726,,0.0,0.0
3727,,0.2,0.015151515151515152
3728,,0.4,0.030303030303030304
3729,,0.6,0.050505050505050504
3730,,0.8,0.1111111111111111
3731,,1.0,1.0
3732,,0.0,0.0
3733,,0.2,0.12121212121212122
3734,,0.4,0.24242424242424243
3735,,0.6,0.36363636363636365
3736,,0.8,0.48484848484848486
3737,,1.0,1.0
3738,,0.0,0.0
3739,,0.2,0.10101010101010101
3740,,0.4,0.20202020202020202
3741,,0.6,0.30303030303030304
3742,,0.8,0.40404040404040403
3743,,1.0,1.0
3744,,0.0,0.0
3745,,0.2,0.09615384615384616
3746,,0.4,0.19230769230769232
3747,,0.6,0.28846153846153844
3748,,0.8,0.38461538461538464
3749,,1.0,1.0
3750,,0.0,0.0
3751,,0.2,0.05333333333333334
3752,,0.4,0.10666666666666667
3753,,0.6,0.18
3754,,0.8,0.36666666666666664
3755,,1.0,1.0
3756,,0.0,0.0
3757,,0.2,0.012048192771084338
3758,,0.4,0.024096385542168676
3759,,0.6,0.03614457831325301
3760,,0.8,0.060240963855421686
3761,,1.0,1.0
3762,,0.0,0.0
3763,,0.2,0.05
3764,,0.4,0.1
3765,,0.6,0.15
3766,,0.8,0.2
3767,,1.0,1.0
3768,,0.0,0.0
3769,,0.2,0.16666666666666666
3770,,0.4,0.3333333333333333
3771,,0.6,0.5
3772,,0.8,0.6666666666666666
3773,,1.0,1.0
3774,,0.0,0.0
3775,,0.2,0.08737864077669903
3776,,0.4,0.17475728155339806
3777,,0.6,0.2621359223300971
3778,,0.8,0.34951456310679613
3779,,1.0,1.0
3780,,0.0,0.0
3781,,0.2,0.06091370558375635
3782,,0.4,0.1218274111675127
3783,,0.6,0.18274111675126903
3784,,0.8,0.27411167512690354
3785,,1.0,1.0
3786,,0.0,0.0
3787,,0.2,0.08247422680412371
3788,,0.4,0.16494845360824742
3789,,0.6,0.24742268041237114
3790,,0.8,0.32989690721649484
3791,,1.0,1.0
3792,,0.0,0.0
3793,,0.2,0.05154639175257732
3794,,0.4,0.10309278350515463
3795,,0.6,0.15463917525773196
3796,,0.8,0.30927835051546393
3797,,1.0,1.0
3798,,0.0,0.0
3799,,0.2,0.03553299492385787
3800,,0.4,0.07106598984771574
3801,,0.6,0.1065989847715736
3802,,0.8,0.16751269035532995
3803,,1.0,1.0
3804,,0.0,0.0
3805,,0.2,0.07142857142857142
3806,,0.4,0.14285714285714285
3807,,0.6,0.21428571428571427
3808,,0.8,0.2857142857142857
3809,,1.0,1.0
3810,,0.0,0.0
3811,,0.2,0.12371134020618557
3812,,0.4,0.24742268041237114
3813,,0.6,0.3711340206185567
3814,,0.8,0.5257731958762887
3815,,1.0,1.0
3816,,0.0,0.0
3817,,0.2,0.11926605504587157
3818,,0.4,0.23853211009174313
3819,,0.6,0.3577981651376147
3820,,0.8,0.47706422018348627
3821,,1.0,1.0
3822,,0.0,0.0
3823,,0.2,0.07
3824,,0.4,0.14
3825,,0.6,0.21
3826,,0.8,0.43
3827,,1.0,1.0
3828,,0.0,0.0
3829,,0.2,0.10526315789473684
3830,,0.4,0.21052631578947367
3831,,0.6,0.3157894736842105
3832,,0.8,0.4421052631578947
3833,,1.0,1.0
3834,,0.0,0.0
3835,,0.2,0.04040404040404041
3836,,0.4,0.08080808080808081
3837,,0.6,0.12121212121212122
3838,,0.8,0.29292929292929293
3839,,1.0,1.0
3840,,0.0,0.0
3841,,0.2,0.02834008097165992
3842,,0.4,0.05668016194331984
3843,,0.6,0.08502024291497975
3844,,0.8,0.18218623481781376
3845,,1.0,1.0
3846,,0.0,0.0
3847,,0.2,0.04861111111111111
3848,,0.4,0.09722222222222222
3849,,0.6,0.14583333333333334
3850,,0.8,0.19444444444444445
3851,,1.0,1.0
3852,,0.0,0.0
3853,,0.2,0.10887096774193548
3854,,0.4,0.21774193548387097
3855,,0.6,0.32661290322580644
3856,,0.8,0.43548387096774194
3857,,1.0,1.0
3858,,0.0,0.0
3859,,0.2,0.03333333333333333
3860,,0.4,0.06666666666666667
3861,,0.6,0.1
3862,,0.8,0.14666666666666667
3863,,1.0,1.0
3864,,0.0,0.0
3865,,0.2,0.11926605504587157
3866,,0.4,0.23853211009174313
3867,,0.6,0.3577981651376147
3868,,0.8,0.47706422018348627
3869,,1.0,1.0
3870,,0.0,0.0
3871,,0.2,0.03
3872,,0.4,0.06
3873,,0.6,0.09
3874,,0.8,0.16
3875,,1.0,1.0
3876,,0.0,0.0
3877,,0.2,0.04666666666666667
3878,,0.4,0.09333333333333334
3879,,0.6,0.14
3880,,0.8,0.19333333333333333
3881,,1.0,1.0
3882,,0.0,0.0
3883,,0.2,0.10185185185185185
3884,,0.4,0.2037037037037037
3885,,0.6,0.3055555555555556
3886,,0.8,0.5
3887,,1.0,1.0
3888,,0.0,0.0
3889,,0.2,0.061224489795918366
3890,,0.4,0.12244897959183673
3891,,0.6,0.1836734693877551
3892,,0.8,0.29591836734693877
3893,,1.0,1.0
3894,,0.0,0.0
3895,,0.2,0.15384615384615385
3896,,0.4,0.3076923076923077
3897,,0.6,0.46153846153846156
3898,,0.8,1.0
3899,,1.0,1.0
3900,,0.0,0.0
3901,,0.2,0.10204081632653061
3902,,0.4,0.20408163265306123
3903,,0.6,0.30612244897959184
3904,,0.8,0.40816326530612246
3905,,1.0,1.0
3906,,0.0,0.0
3907,,0.2,0.25
3908,,0.4,0.5
3909,,0.6,0.75
3910,,0.8,1.0
3911,,1.0,1.0
3912,,0.0,0.0
3913,,0.2,0.07086614173228346
3914,,0.4,0.14173228346456693
3915,,0.6,0.2125984251968504
3916,,0.8,0.33858267716535434
3917,,1.0,1.0
3918,,0.0,0.0
3919,,0.2,0.1111111111111111
3920,,0.4,0.2222222222222222
3921,,0.6,0.3333333333333333
3922,,0.8,0.4444444444444444
3923,,1.0,1.0
3924,,0.0,0.0
3925,,0.2,0.02
3926,,0.4,0.04
3927,,0.6,0.06
3928,,0.8,0.08333333333333333
3929,,1.0,1.0
3930,,0.0,0.0
3931,,0.2,0.050505050505050504
3932,,0.4,0.10101010101010101
3933,,0.6,0.15151515151515152
3934,,0.8,0.21212121212121213
3935,,1.0,1.0
3936,,0.0,0.0
3937,,0.2,0.1232876712328767
3938,,0.4,0.2465753424657534
3939,,0.6,0.3698630136986301
3940,,0.8,0.4931506849315068
3941,,1.0,1.0
3942,,0.0,0.0
3943,,0.2,0.09
3944,,0.4,0.18
3945,,0.6,0.27
3946,,0.8,0.36
3947,,1.0,1.0
3948,,0.0,0.0
3949,,0.2,0.05917159763313609
3950,,0.4,0.11834319526627218
3951,,0.6,0.17751479289940827
3952,,0.8,0.2603550295857988
3953,,1.0,1.0
3954,,0.0,0.0
3955,,0.2,0.02631578947368421
3956,,0.4,0.05263157894736842
3957,,0.6,0.07894736842105263
3958,,0.8,0.11004784688995216
3959,,1.0,1.0
3960,,0.0,0.0
3961,,0.2,0.026156941649899398
3962,,0.4,0.052313883299798795
3963,,0.6,0.07847082494969819
3964,,0.8,0.10462776659959759
3965,,1.0,1.0
3966,,0.0,0.0
3967,,0.2,0.061224489795918366
3968,,0.4,0.12244897959183673
3969,,0.6,0.1836734693877551
3970,,0.8,0.2687074829931973
3971,,1.0,1.0
3972,,0.0,0.0
3973,,0.2,0.02416918429003021
3974,,0.4,0.04833836858006042
3975,,0.6,0.07250755287009064
3976,,0.8,0.1148036253776435
3977,,1.0,1.0
3978,,0.0,0.0
3979,,0.2,0.15
3980,,0.4,0.3
3981,,0.6,0.45
3982,,0.8,0.6
3983,,1.0,1.0
3984,,0.0,0.0
3985,,0.2,0.2
3986,,0.4,0.4
3987,,0.6,0.6
3988,,0.8,0.8
3989,,1.0,1.0
3990,,0.0,0.0
3991,,0.2,0.04195804195804196
3992,,0.4,0.08391608391608392
3993,,0.6,0.1258741258741259
3994,,0.8,0.2202797202797203
3995,,1.0,1.0
3996,,0.0,0.0
3997,,0.2,0.05630026809651475
3998,,0.4,0.1126005361930295
3999,,0.6,0.16890080428954424
4000,,0.8,0.225201072386059
4001,,1.0,1.0
4002,,0.0,0.0
4003,,0.2,0.08108108108108109
4004,,0.4,0.16216216216216217
4005,,0.6,0.24324324324324326
4006,,0.8,0.32432432432432434
4007,,1.0,1.0
4008,,0.0,0.0
4009,,0.2,0.04032258064516129
4010,,0.4,0.08064516129032258
4011,,0.6,0.12096774193548387
4012,,0.8,0.16129032258064516
4013,,1.0,1.0
4014,,0.0,0.0
4015,,0.2,0.10416666666666667
4016,,0.4,0.20833333333333334
4017,,0.6,0.3125
4018,,0.8,0.4791666666666667
4019,,1.0,1.0
4020,,0.0,0.0
4021,,0.2,0.11278195488721804
4022,,0.4,0.22556390977443608
4023,,0.6,0.3383458646616541
4024,,0.8,0.45864661654135336
4025,,1.0,1.0
4026,,0.0,0.0
4027,,0.2,0.08951406649616368
4028,,0.4,0.17902813299232737
4029,,0.6,0.26854219948849106
4030,,0.8,0.37084398976982097
4031,,1.0,1.0
4032,,0.0,0.0
4033,,0.2,0.15789473684210525
4034,,0.4,0.3157894736842105
4035,,0.6,0.47368421052631576
4036,,0.8,0.631578947368421
4037,,1.0,1.0
4038,,0.0,0.0
4039,,0.2,0.0392156862745098
4040,,0.4,0.0784313725490196
4041,,0.6,0.11764705882352941
4042,,0.8,0.2549019607843137
4043,,1.0,1.0
4044,,0.0,0.0
4045,,0.2,0.10526315789473684
4046,,0.4,0.21052631578947367
4047,,0.6,0.3157894736842105
4048,,0.8,0.42105263157894735
4049,,1.0,1.0
4050,,0.0,0.0
4051,,0.2,0.0625
4052,,0.4,0.125
4053,,0.6,0.1875
4054,,0.8,0.25
4055,,1.0,1.0
4056,,0.0,0.0
4057,,0.2,0.026041666666666668
4058,,0.4,0.052083333333333336
4059,,0.6,0.09375
4060,,0.8,0.1875
4061,,1.0,1.0
4062,,0.0,0.0
4063,,0.2,0.04477611940298507
4064,,0.4,0.08955223880597014
4065,,0.6,0.1417910447761194
4066,,0.8,0.23880597014925373
4067,,1.0,1.0
4068,,0.0,0.0
4069,,0.2,0.07291666666666667
4070,,0.4,0.14583333333333334
4071,,0.6,0.21875
4072,,0.8,0.3333333333333333
4073,,1.0,1.0
4074,,0.0,0.0
4075,,0.2,0.125
4076,,0.4,0.25
4077,,0.6,0.375
4078,,0.8,0.5
4079,,1.0,1.0
4080,,0.0,0.0
4081,,0.2,0.08080808080808081
4082,,0.4,0.16161616161616163
4083,,0.6,0.24242424242424243
4084,,0.8,0.32323232323232326
4085,,1.0,1.0
4086,,0.0,0.0
4087,,0.2,0.04426559356136821
4088,,0.4,0.08853118712273642
4089,,0.6,0.13279678068410464
4090,,0.8,0.19114688128772636
4091,,1.0,1.0
4092,,0.0,0.0
4093,,0.2,0.05128205128205128
4094,,0.4,0.10256410256410256
4095,,0.6,0.15384615384615385
4096,,0.8,0.23931623931623933
4097,,1.0,1.0
4098,,0.0,0.0
4099,,0.2,0.020134228187919462
4100,,0.4,0.040268456375838924
4101,,0.6,0.06040268456375839
4102,,0.8,0.09395973154362416
4103,,1.0,1.0
4104,,0.0,0.0
4105,,0.2,9.847746749491335e-08
4106,,0.4,0.0009894254272226238
4107,,0.6,0.003143620028673854
4108,,0.8,0.005297814630125083
4109,,1.0,1.0
4110,,0.0,0.0
4111,,0.2,0.02
4112,,0.4,0.04
4113,,0.6,0.06
4114,,0.8,0.08
4115,,1.0,1.0
4116,,0.0,0.0
4117,,0.2,0.02888086642599278
4118,,0.4,0.05776173285198556
4119,,0.6,0.08664259927797834
4120,,0.8,0.1263537906137184
4121,,1.0,1.0
4122,,0.0,0.0
4123,,0.2,0.03355704697986577
4124,,0.4,0.06711409395973154
4125,,0.6,0.10067114093959731
4126,,0.8,0.16778523489932887
4127,,1.0,1.0
4128,,0.0,0.0
4129,,0.2,0.05504587155963303
4130,,0.4,0.11009174311926606
4131,,0.6,0.1651376146788991
4132,,0.8,0.22935779816513763
4133,,1.0,1.0
4134,,0.0,0.0
4135,,0.2,0.052083333333333336
4136,,0.4,0.10416666666666667
4137,,0.6,0.15625
4138,,0.8,0.20833333333333334
4139,,1.0,1.0
4140,,0.0,0.0
4141,,0.2,0.125
4142,,0.4,0.25
4143,,0.6,0.375
4144,,0.8,0.5
4145,,1.0,1.0
4146,,0.0,0.0
4147,,0.2,0.04220779220779221
4148,,0.4,0.08441558441558442
4149,,0.6,0.1266233766233766
4150,,0.8,0.2727272727272727
4151,,1.0,1.0
4152,,0.0,0.0
4153,,0.2,0.05154639175257732
4154,,0.4,0.10309278350515463
4155,,0.6,0.15463917525773196
4156,,0.8,0.20618556701030927
4157,,1.0,1.0
4158,,0.0,0.0
4159,,0.2,0.09
4160,,0.4,0.18
4161,,0.6,0.27
4162,,0.8,0.37
4163,,1.0,1.0
4164,,0.0,0.0
4165,,0.2,0.07368421052631578
4166,,0.4,0.14736842105263157
4167,,0.6,0.24210526315789474
4168,,0.8,0.4
4169,,1.0,1.0
4170,,0.0,0.0
4171,,0.2,0.07142857142857142
4172,,0.4,0.14285714285714285
4173,,0.6,0.21428571428571427
4174,,0.8,0.2857142857142857
4175,,1.0,1.0
4176,,0.0,0.0
4177,,0.2,0.13131313131313133
4178,,0.4,0.26262626262626265
4179,,0.6,0.3939393939393939
4180,,0.8,0.5252525252525253
4181,,1.0,1.0
4182,,0.0,0.0
4183,,0.2,0.037037037037037035
4184,,0.4,0.07407407407407407
4185,,0.6,0.1111111111111111
4186,,0.8,0.164021164021164
4187,,1.0,1.0
4188,,0.0,0.0
4189,,0.2,0.030973451327433628
4190,,0.4,0.061946902654867256
4191,,0.6,0.09292035398230089
4192,,0.8,0.12389380530973451
4193,,1.0,1.0
4194,,0.0,0.0
4195,,0.2,0.10101010101010101
4196,,0.4,0.20202020202020202
4197,,0.6,0.30303030303030304
4198,,0.8,0.42424242424242425
4199,,1.0,1.0
4200,,0.0,0.0
4201,,0.2,0.10152284263959391
4202,,0.4,0.20304568527918782
4203,,0.6,0.30456852791878175
4204,,0.8,0.40609137055837563
4205,,1.0,1.0
4206,,0.0,0.0
4207,,0.2,0.07
4208,,0.4,0.14
4209,,0.6,0.21
4210,,0.8,0.29
4211,,1.0,1.0
4212,,0.0,0.0
4213,,0.2,0.0759493670886076
4214,,0.4,0.1518987341772152
4215,,0.6,0.22784810126582278
4216,,0.8,0.3291139240506329
4217,,1.0,1.0
4218,,0.0,0.0
4219,,0.2,0.05660377358490566
4220,,0.4,0.11320754716981132
4221,,0.6,0.16981132075471697
4222,,0.8,0.2830188679245283
4223,,1.0,1.0
4224,,0.0,0.0
4225,,0.2,0.05
4226,,0.4,0.1
4227,,0.6,0.15
4228,,0.8,0.2681818181818182
4229,,1.0,1.0
4230,,0.0,0.0
4231,,0.2,0.10256410256410256
4232,,0.4,0.20512820512820512
4233,,0.6,0.3076923076923077
4234,,0.8,0.41025641025641024
4235,,1.0,1.0
4236,,0.0,0.0
4237,,0.2,0.16666666666666666
4238,,0.4,0.3333333333333333
4239,,0.6,0.5
4240,,0.8,0.6666666666666666
4241,,1.0,1.0
4242,,0.0,0.0
4243,,0.2,0.06375838926174497
4244,,0.4,0.12751677852348994
4245,,0.6,0.1912751677852349
4246,,0.8,0.2684563758389262
4247,,1.0,1.0
4248,,0.0,0.0
4249,,0.2,0.13636363636363635
4250,,0.4,0.2727272727272727
4251,,0.6,0.4090909090909091
4252,,0.8,0.5545454545454546
4253,,1.0,1.0
4254,,0.0,0.0
4255,,0.2,0.0625
4256,,0.4,0.125
4257,,0.6,0.1875
4258,,0.8,0.25
4259,,1.0,1.0
4260,,0.0,0.0
4261,,0.2,0.061224489795918366
4262,,0.4,0.12244897959183673
4263,,0.6,0.1836734693877551
4264,,0.8,0.24489795918367346
4265,,1.0,1.0
4266,,0.0,0.0
4267,,0.2,0.0707070707070707
4268,,0.4,0.1414141414141414
4269,,0.6,0.21212121212121213
4270,,0.8,0.46464646464646464
4271,,1.0,1.0
4272,,0.0,0.0
4273,,0.2,0.16666666666666666
4274,,0.4,0.3333333333333333
4275,,0.6,0.5
4276,,0.8,0.6666666666666666
4277,,1.0,1.0
4278,,0.0,0.0
4279,,0.2,0.10416666666666667
4280,,0.4,0.20833333333333334
4281,,0.6,0.3125
4282,,0.8,0.42916666666666664
4283,,1.0,1.0
4284,,0.0,0.0
4285,,0.2,0.07272727272727272
4286,,0.4,0.14545454545454545
4287,,0.6,0.21818181818181817
4288,,0.8,0.2909090909090909
4289,,1.0,1.0
4290,,0.0,0.0
4291,,0.2,0.09259259259259259
4292,,0.4,0.18518518518518517
4293,,0.6,0.2777777777777778
4294,,0.8,0.37037037037037035
4295,,1.0,1.0
